PersonId,Name,Phone,Email,Birthdate,Height,Weight,Company
1,Micah Church,1-756-568-0884,Nunc.laoreet.lectus@tincidunt.org,1940-04-02T22:44:23+01:00,163.09985902014,64.401055606477,43
2,Nathan Guerra,1-905-621-7467,lectus@nec.edu,1966-01-12T05:54:36+01:00,164.17310542748,75.02027675447,37
3,Josiah Franco,1-103-386-4612,Integer.vitae.nibh@ametornare.net,1937-04-10T20:32:00+01:00,160.4473214776,73.708565149331,14
4,Grant Maynard,1-759-396-1743,Fusce.mi@et.net,1973-05-03T10:32:14+01:00,163.60779730545,77.585732368802,59
5,Neville Finch,521-0840,eget.mollis@sagittisNullamvitae.edu,1978-12-18T19:49:29+01:00,167.4018661591,66.90068350778,18
6,Ulysses Jacobson,1-712-508-5343,Sed.pharetra@Integerin.org,1976-04-25T13:58:36+02:00,164.15973300055,62.247452674996,14
7,Phelan Robertson,1-859-947-9128,sem.elit.pharetra@urnajusto.com,1948-05-15T07:04:44+01:00,171.00389172292,60.546088795862,50
8,Raphael Flores,476-0203,id.risus@mi.org,1967-05-13T12:10:16+01:00,163.47019648488,66.935876385512,76
9,Axel Camacho,716-4012,congue@luctusvulputate.com,1959-01-09T22:45:50+01:00,159.5196097605,82.201748468623,38
10,Devin Trujillo,490-7447,ut.molestie@Morbiaccumsan.edu,1937-08-08T11:53:05+01:00,161.38445580363,75.898619331268,81
11,Arsenio Madden,1-972-529-6427,volutpat.nunc.sit@cursusnon.org,1972-07-28T01:38:15+01:00,163.27509472859,65.604591076415,88
12,Cain Terry,1-980-874-2261,sed.turpis@ipsumdolorsit.net,1994-09-17T06:08:16+02:00,159.28721168631,66.351317413059,57
13,Silas Oconnor,401-2201,neque.pellentesque.massa@sitamet.edu,1976-10-11T21:57:26+01:00,173.29764392248,70.700245153425,19
14,Oliver Farley,551-9096,a.feugiat@necimperdietnec.edu,1978-08-30T23:33:29+02:00,168.03887030235,63.988195599419,19
15,Jacob Bass,419-1281,Proin@eleifendnondapibus.net,1946-02-15T08:32:14+01:00,166.59246489633,71.799954132053,19
16,Edan Blair,334-9180,rutrum.justo@Crasegetnisi.edu,1992-01-03T16:15:52+01:00,164.37223834118,67.882370630659,80
17,Kadeem Butler,990-5182,pellentesque.tellus.sem@ornareIn.org,1949-12-17T05:54:25+01:00,166.41075994574,68.509510946927,9
18,Benedict Pittman,984-3462,cursus@aliquet.edu,1996-01-17T00:16:33+01:00,164.69805599076,68.404489359603,14
19,Reuben Irwin,265-6617,lectus.a.sollicitudin@auctor.ca,1971-12-04T12:46:01+01:00,167.5059861585,71.879471472234,79
20,Lester Merritt,320-2414,iaculis@vulputate.org,1949-01-07T20:08:36+01:00,164.39204180375,77.633371255179,62
21,Rafael Ross,1-433-432-7547,Aenean@est.ca,1965-07-02T19:42:41+01:00,166.0810164489,74.876476156664,49
22,Gray Flynn,948-1815,a.felis.ullamcorper@etnuncQuisque.com,1958-01-04T12:58:54+01:00,163.21079531868,79.884972933267,53
23,Gareth Miller,1-929-979-3651,congue.In@mattisIntegereu.org,1938-07-10T20:17:06+01:00,159.74955356126,62.549437574078,64
24,Cruz Roberson,700-1821,sed.dui.Fusce@elitEtiamlaoreet.net,1988-06-19T04:29:15+02:00,160.65552060464,72.612128726193,79
25,Todd Patterson,1-965-233-4930,diam.luctus@nonenimcommodo.co.uk,1947-09-07T15:44:19+01:00,164.90058243068,67.94532011594,97
26,Walker Cameron,1-571-995-4240,posuere@tinciduntaliquamarcu.net,1955-10-18T01:36:16+01:00,168.55784189619,62.95564079561,61
27,Trevor Haney,934-1250,turpis@nibh.edu,1959-01-31T09:50:19+01:00,168.21954954165,71.013575560072,39
28,Jamal Knight,184-6696,a@nuncQuisqueornare.co.uk,1943-05-27T14:31:31+02:00,171.9448570595,73.672372810597,30
29,Duncan Terry,698-6737,justo.nec.ante@vestibulumnequesed.org,1939-03-01T07:11:54+00:00,164.30481817488,74.712215321444,77
30,Stone Bell,412-9718,nisi.magna@antedictumcursus.net,1956-03-15T23:10:41+01:00,167.29850371514,74.794615173657,57
31,Brennan Rose,1-420-413-1778,tempor@malesuadautsem.co.uk,1961-05-09T00:38:32+01:00,166.72859338458,74.706168638954,10
32,Hamilton Yates,1-248-254-5948,molestie@dolordapibusgravida.ca,1939-02-06T01:33:57+00:00,161.07350058264,82.949470533676,20
33,Ciaran Reid,1-715-243-7751,rhoncus@Curabiturvellectus.ca,1966-12-11T22:25:59+01:00,167.89326243086,70.766886050509,26
34,Geoffrey Erickson,121-3241,eu@lobortisultrices.com,1982-08-02T23:49:52+02:00,163.01151161231,66.602298165199,42
35,Caleb Burton,1-967-357-2245,nibh@Nullamsuscipitest.org,1950-03-21T14:27:33+01:00,165.57534933918,74.977170457345,2
36,Alec House,735-3198,Donec@necmalesuada.net,1989-06-06T02:24:37+02:00,163.70331517658,67.828497481461,81
37,Ira Bryan,418-9074,ultricies.ligula.Nullam@mollisnon.org,1977-08-26T05:39:29+02:00,166.34742904322,67.080703357037,49
38,Guy Mclaughlin,610-3544,Mauris@variuseteuismod.co.uk,1940-07-16T08:03:03+02:00,170.52447564086,65.43441597299,4
39,Bruce Winters,374-9085,semper.erat@mauris.ca,1959-07-14T09:39:37+01:00,165.08645912425,65.760631900624,63
40,Coby Durham,1-946-979-0048,sagittis.placerat@aliquetdiamSed.net,1957-09-29T23:21:12+01:00,167.93572532593,69.216621598866,45
41,Francis Pickett,1-957-779-6853,sed.sem.egestas@vel.ca,1991-04-11T21:00:44+02:00,169.55693723779,72.668205302402,57
42,Yoshio Lee,630-5667,hendrerit@adipiscing.org,1987-09-01T13:21:27+02:00,173.38810428178,69.709623953789,11
43,Jared Whitehead,592-0325,lobortis.nisi@metuseu.org,1951-03-29T06:40:13+01:00,168.0593706911,76.089497628714,58
44,Silas Goodman,717-4543,sed.est@a.org,1984-03-17T08:29:13+01:00,167.64619321156,70.20724789277,48
45,Myles Schroeder,1-115-495-3130,vulputate.lacus.Cras@pedenec.ca,1949-06-05T02:06:03+01:00,166.79124122049,75.940310828036,81
46,Bruno Ayala,1-246-592-5552,in.magna@id.com,1979-03-13T17:02:24+01:00,162.96905214857,71.307925495525,64
47,Cullen Mays,345-4655,aptent@cubilia.ca,1961-10-16T21:22:33+01:00,168.39398984187,77.999616038812,34
48,Carl Wade,631-2827,felis.Nulla@Quisque.co.uk,1994-10-02T11:00:08+01:00,161.91797477959,74.683801342991,40
49,Drew Fitzpatrick,1-140-421-2076,ac.turpis@Nuncpulvinar.edu,1947-06-09T11:18:34+01:00,160.40506181376,67.891577958761,42
50,Curran Sweeney,497-6941,neque@pedesagittisaugue.edu,1973-05-21T08:38:04+01:00,157.56338205918,75.665092914811,52
51,Chase Rowland,1-132-438-8735,risus.at@ipsumSuspendisse.co.uk,1950-06-03T13:30:46+01:00,165.37036889245,66.154881378627,89
52,Beau Mccoy,1-664-645-8156,et.tristique@elementumat.edu,1943-01-30T05:20:00+01:00,162.12332344441,68.240121836529,58
53,Hunter Potter,1-477-740-8579,nonummy.ipsum@Maecenas.org,1945-06-02T20:14:33+02:00,168.22935553565,71.511302184236,32
54,Zeph Moss,126-4176,mauris@estac.net,1936-04-18T06:44:39+00:00,162.65805023142,73.979319653668,85
55,Burton Le,1-290-208-7583,auctor@consequatlectus.org,1962-12-20T10:35:32+01:00,165.8717111476,69.314347747996,18
56,Kennedy Morrow,299-0368,nulla.ante@egestas.ca,1950-09-29T20:00:46+01:00,164.27990162456,75.219235050733,18
57,Emery Serrano,353-1908,Praesent.eu@purus.net,1996-09-19T03:18:36+02:00,160.85197671082,71.336501965068,45
58,Nigel Donovan,980-0371,velit.Pellentesque.ultricies@idmagna.org,1943-06-02T09:37:18+02:00,162.33483412156,76.463637515617,96
59,Eaton Wood,214-1941,Aenean.euismod@magnaCras.co.uk,1948-02-07T04:09:41+01:00,158.83880673935,63.416287632568,37
60,August Page,1-904-126-3395,faucibus@turpisvitae.org,1955-10-21T09:26:25+01:00,162.18844855057,75.495565113875,58
61,Linus Sears,989-0878,est@lacusAliquamrutrum.com,1982-10-31T15:29:41+01:00,167.09980757917,63.748261573659,72
62,Geoffrey Hendricks,1-509-791-8480,Mauris.nulla@urnaUttincidunt.com,1948-12-31T14:55:42+01:00,166.80718169985,70.107573214739,39
63,Jonas Holt,1-960-966-3050,Cum.sociis.natoque@augue.com,1952-02-17T03:30:41+01:00,167.50783569002,64.047306177104,54
64,Zeph Bryant,1-942-397-0763,et.malesuada@vulputateveliteu.co.uk,1938-04-04T22:28:47+01:00,159.96088542407,72.693762193648,35
65,Herman Fuller,1-306-380-8764,tristique.pellentesque@egestasAliquamnec.org,1947-08-24T12:19:02+01:00,161.66746227243,63.331499310304,67
66,Jarrod Gibson,968-1142,nulla.ante.iaculis@quamquis.net,1980-05-24T01:28:15+02:00,164.19611512764,79.326774378354,99
67,Bruce Nicholson,1-236-877-6913,sodales@sapien.ca,1946-12-28T13:49:40+01:00,169.42700814439,71.603873839216,21
68,Upton Lynch,987-5884,est.tempor.bibendum@Morbinon.edu,1995-06-14T22:05:32+02:00,162.66812726828,59.335129136707,5
69,Keith Curtis,994-2248,neque.et@faucibusorciluctus.com,1953-09-16T05:02:14+01:00,161.49647912347,71.336249935032,8
70,Xenos Nolan,229-9272,mauris@mollis.co.uk,1946-11-22T00:45:13+01:00,156.02630289544,66.529659732112,5
71,James Holt,1-982-435-3355,pellentesque.a.facilisis@in.com,1967-01-23T21:10:09+01:00,165.00481308634,66.567010554284,65
72,Colton Barker,275-7867,eu.euismod@euenim.ca,1970-07-25T15:40:39+01:00,162.98286693324,64.359483476919,35
73,Nathaniel Dickerson,968-5446,adipiscing.Mauris@Sedauctor.edu,1945-12-28T09:06:58+01:00,166.49283225376,72.582588949978,68
74,Nehru Gutierrez,1-735-360-8748,purus.in@lectusCum.co.uk,1995-07-07T08:10:14+02:00,166.08235282312,68.813343728051,51
75,Kevin Molina,313-2144,ultrices@ametfaucibusut.co.uk,1967-06-26T23:10:14+01:00,161.18059883646,65.549629557539,80
76,Camden Small,1-326-328-6454,consectetuer@mitempor.co.uk,1986-01-15T13:11:01+01:00,171.27154667874,72.276908867528,47
77,Salvador Rosa,431-3371,Proin@sociisnatoque.edu,1987-10-22T15:20:49+01:00,164.72176910812,66.701236473622,1
78,Ian Frazier,1-254-781-2166,interdum.feugiat@cubilia.co.uk,1960-07-01T17:56:45+01:00,163.58106554054,72.087375375206,13
79,Wang Solomon,145-9134,Cras@justoeuarcu.com,1964-03-22T17:42:46+01:00,160.96762189746,76.129249239876,25
80,Griffin Jimenez,225-5881,Aenean.massa@pedeCum.ca,1996-01-19T22:46:23+01:00,165.54460576024,68.53577594282,28
81,Lucian Rosario,862-1534,Curabitur.vel.lectus@adipiscing.com,1977-01-23T18:48:29+01:00,163.53194174433,70.035499050791,42
82,Ashton Flynn,703-6173,lacinia.vitae@per.org,1979-11-19T23:48:22+01:00,167.08958163754,69.453248228356,44
83,Shad Lane,1-419-464-5449,velit@Lorem.com,1951-01-06T05:43:07+01:00,157.5091388906,75.238753996702,97
84,Wallace Hayes,445-4256,magna.nec.quam@pede.ca,1995-01-27T17:26:32+01:00,172.71306930998,84.863621846502,13
85,Ahmed Cline,680-1094,odio.vel@Fuscefeugiat.co.uk,1939-07-27T08:34:19+01:00,166.43166557762,67.561561115434,81
86,Paul Howell,579-3983,tristique@porttitorinterdumSed.ca,1992-10-16T01:09:39+01:00,165.0111541965,67.527083776835,7
87,Leroy Bowen,414-0894,imperdiet@Nullamut.edu,1960-03-27T04:13:05+01:00,161.53351681291,77.506912469357,79
88,Nigel Rosario,685-1821,Proin.dolor@neque.edu,1992-07-04T16:07:29+02:00,169.64765472011,71.846099541411,15
89,Mohammad Hart,628-6791,dictum.ultricies@inaliquet.ca,1952-01-21T19:52:43+01:00,165.03289325752,76.885815153665,7
90,Nero Thornton,1-313-784-8021,rhoncus.Nullam@egestashendrerit.ca,1968-04-08T07:50:32+01:00,169.21663993261,75.157179165203,35
91,Tucker Hunter,1-330-542-7343,nec.cursus.a@cursuspurusNullam.net,1991-02-18T09:05:13+01:00,158.39657838541,79.919992382848,85
92,Neil Lindsey,209-5857,erat.nonummy@Pellentesqueut.com,1960-01-24T20:27:09+01:00,173.893518748,70.113089976283,14
93,Kuame Crosby,1-913-447-1708,urna.et@Donec.edu,1951-09-20T16:46:49+01:00,171.24573005479,75.883805813887,39
94,Jamal Frye,1-409-817-7359,vel.nisl.Quisque@amet.co.uk,1995-01-07T22:49:45+01:00,171.04744116381,79.322805436788,73
95,Quinlan Manning,122-5246,dignissim.tempor@dui.edu,1989-04-20T23:26:51+02:00,160.5273418121,74.646038730178,17
96,Ryan Lindsay,1-713-921-1211,consequat.auctor@estNunc.org,1978-01-16T09:36:22+01:00,163.54080092362,73.574300020844,26
97,Kane Velasquez,750-2260,Nullam@enim.net,1945-05-26T05:48:26+02:00,171.491269036,77.84971744948,74
98,Caesar Edwards,648-7046,convallis@Seddictum.edu,1957-04-03T02:19:54+01:00,171.22062525196,76.087410753043,90
99,William Hogan,188-1361,Class.aptent@elitafeugiat.org,1967-05-21T19:15:35+01:00,156.61863831903,74.640836252739,98
100,Thane Wall,1-938-113-8237,In.nec.orci@mattisvelitjusto.net,1945-08-16T00:08:10+02:00,160.44821063008,75.769317733124,90
101,Charles Osborne,1-399-141-4938,dictum@hendreritneque.ca,1991-08-18T13:23:35+02:00,169.10439718607,77.136309931611,24
102,Arthur Guy,935-4670,at@velitQuisquevarius.co.uk,1960-07-19T02:43:44+01:00,170.12256901351,72.300216776333,48
103,Damian Tyson,106-8451,magnis.dis.parturient@sollicitudina.com,1993-05-17T20:23:52+02:00,163.1734118999,67.783724672046,85
104,Reed Dale,702-7377,Cras.lorem.lorem@tortorIntegeraliquam.ca,1988-07-17T14:20:23+02:00,165.67274554382,70.844415613514,36
105,Christopher Bender,1-474-255-8983,consectetuer.adipiscing.elit@ipsum.net,1958-01-30T19:54:05+01:00,162.23701231595,56.853023017546,3
106,Akeem Gillespie,417-6088,molestie.orci@lacusQuisquepurus.co.uk,1970-01-23T06:47:28+01:00,168.46116690255,77.704405763978,58
107,Xanthus Townsend,1-580-679-2582,ornare@convallisdolor.com,1954-07-27T22:19:38+01:00,165.59147676968,69.953209355932,90
108,Victor Shields,1-325-862-8480,nisl.Maecenas.malesuada@telluslorem.com,1987-05-17T09:15:08+02:00,158.42615954043,60.847714487288,67
109,Knox Hendrix,1-730-399-9649,diam.dictum@ullamcorper.net,1976-04-14T02:07:51+02:00,166.93595389471,63.099517769245,39
110,Stephen Pennington,1-823-877-4490,et.ultrices.posuere@Mauris.ca,1936-02-26T22:33:41+00:00,162.04948956987,70.714784470251,45
111,Silas Watts,899-8050,vel.pede@vitaemauris.ca,1950-12-25T02:00:59+01:00,161.65564129565,71.241045165494,73
112,Magee Holmes,1-215-177-6541,et@tellus.co.uk,1995-03-23T04:13:55+01:00,158.54055189181,78.979533344769,88
113,Levi Bowen,196-8755,aliquam.arcu.Aliquam@augueac.com,1966-04-09T16:59:20+01:00,165.75755957145,81.092701850628,28
114,Xander Howe,1-789-980-0454,Duis.elementum.dui@consectetuer.net,1943-03-05T21:07:27+01:00,168.1576102149,61.821024502616,97
115,Galvin Clayton,977-6693,convallis.ante@diamdictumsapien.com,1957-04-22T04:43:57+01:00,161.42088118305,71.79681173319,71
116,Ross Horne,1-715-965-7294,Morbi.vehicula.Pellentesque@egestasadui.co.uk,1943-09-08T14:02:45+02:00,167.50493413966,73.499679197373,45
117,Brian Maddox,1-940-583-4808,quis.massa@egestaslaciniaSed.ca,1989-02-09T03:33:43+01:00,164.62062865344,72.05578486908,71
118,Tate Boyer,1-295-112-3996,ut.sem@fringillaporttitor.net,1978-06-18T03:59:55+02:00,163.3767345488,70.744061210633,49
119,Camden Odonnell,502-8762,nisi.Mauris@convallisconvallisdolor.edu,1988-01-09T01:49:45+01:00,160.68441707291,73.111779445512,2
120,Kenyon Kelley,1-576-228-4559,quis@nislarcu.co.uk,1985-09-30T20:07:13+01:00,169.10687326254,74.361452532418,65
121,Vincent William,1-981-176-6190,aliquet@necmetusfacilisis.com,1962-02-15T04:52:34+01:00,163.27423643476,71.729176051218,84
122,Walker Young,1-522-129-2488,sodales@Donecest.net,1965-09-24T19:44:13+01:00,163.64630697244,70.269284918878,35
123,Colton Whitaker,640-6453,Aenean.egestas@enimconsequatpurus.co.uk,1968-03-07T15:28:05+01:00,165.0879502384,70.364206114362,73
124,Brody Lancaster,1-236-247-0899,orci.lobortis@ac.com,1961-07-30T00:09:41+01:00,161.61108241986,66.993534658679,63
125,Graham Kaufman,1-112-728-0711,Nullam.lobortis@egestas.edu,1964-07-02T18:28:40+01:00,168.68198917706,76.606795249814,53
126,Perry Hicks,923-6411,ut.nulla.Cras@eutellusPhasellus.ca,1972-12-15T12:03:38+01:00,164.77734892392,65.372767743389,70
127,Valentine Paul,918-3400,et.magnis.dis@nisiCumsociis.ca,1995-04-24T20:31:00+02:00,168.40243949042,69.252270651763,72
128,Jeremy Christian,1-113-628-7376,accumsan@diam.co.uk,1976-01-03T16:56:54+01:00,162.5559153616,67.821753754966,87
129,Bevis Decker,471-0691,tempor.augue@Namnulla.net,1944-05-26T08:52:10+02:00,161.87679049908,65.471762032329,97
130,Kenneth Maldonado,448-8137,scelerisque.mollis.Phasellus@facilisis.co.uk,1970-04-24T12:11:43+01:00,160.01267774693,73.581938301895,15
131,Ralph Reese,1-581-558-1352,metus@faucibusorci.org,1987-07-07T05:37:12+02:00,167.3094446781,70.058340302214,15
132,Cooper Peterson,1-599-929-3565,lacus.Quisque.imperdiet@Suspendissenonleo.edu,1939-04-25T21:15:27+01:00,168.58014755877,67.390463095374,3
133,Wylie Tucker,1-357-351-1099,Donec@semper.net,1937-03-26T23:08:29+00:00,166.34748682412,75.068305715254,24
134,Tanner Mcdaniel,1-211-487-6075,dictum@nectempus.net,1973-09-03T17:54:34+01:00,165.82825100814,73.798797945985,36
135,Hall Boyer,406-0574,posuere.cubilia.Curae@neque.edu,1993-05-07T11:09:11+02:00,166.6141241792,79.795371722918,94
136,Giacomo Clay,1-882-960-4530,tincidunt.aliquam.arcu@ipsumcursus.ca,1993-09-07T21:22:02+02:00,166.78440562385,71.94788442177,17
137,Roth Jacobson,1-952-421-8018,arcu.Aliquam.ultrices@nullaanteiaculis.co.uk,1959-01-02T08:47:18+01:00,169.76898702092,75.282177209764,60
138,Malcolm Adkins,1-510-955-4021,commodo@maurisblandit.org,1938-07-02T23:33:52+01:00,160.90185712042,69.030385605268,86
139,Tobias Doyle,1-937-605-5083,ac@semmagnanec.com,1951-11-13T18:55:48+01:00,166.77559377411,61.50516053126,76
140,Uriel Lyons,969-7197,lorem.vehicula.et@Praesent.ca,1961-01-02T09:34:39+01:00,166.18010824957,71.285267420042,93
141,Drake Fry,1-437-659-1117,metus.sit.amet@laciniaorci.net,1982-09-19T01:10:42+02:00,158.94254068788,77.678686059482,80
142,Bruno Leblanc,568-8280,quis.massa@risusDonecegestas.com,1956-09-29T05:02:33+01:00,166.95446814459,67.559409244648,83
143,Randall Church,945-8322,pede@odioEtiamligula.ca,1967-01-12T13:01:50+01:00,160.27988034007,68.88609102696,8
144,Maxwell Stevens,1-497-564-0474,eu.tellus@libero.net,1970-09-02T00:48:24+01:00,162.5766373053,74.941547899512,100
145,Kaseem Shields,1-134-272-5390,mauris.Suspendisse@sed.ca,1961-06-09T05:20:44+01:00,168.63762716825,71.628158830566,54
146,Ferdinand Summers,839-4298,Praesent@gravida.net,1985-11-14T13:24:07+01:00,167.12520203516,64.09177613508,19
147,Martin Drake,616-0836,Donec.est@nostraper.ca,1961-03-16T15:48:01+01:00,167.05893904021,73.664896002714,48
148,Barrett Slater,1-417-904-4794,Sed.auctor@natoque.com,1978-11-19T06:03:09+01:00,168.41443092544,71.745533683422,90
149,Harlan Simpson,304-2263,mattis.Integer@velfaucibus.ca,1960-10-01T10:59:35+01:00,164.01625952164,66.486370360907,88
150,Rooney Fitzgerald,1-417-463-1561,at.auctor@imperdiet.co.uk,1952-11-11T19:09:27+01:00,160.50655680675,73.690574555749,67
151,Uriel Watts,1-288-511-6726,quam.a.felis@sem.com,1963-02-11T07:44:36+01:00,164.34274169176,75.823295547073,88
152,Emerson Gutierrez,1-492-204-6969,dictum.sapien.Aenean@ipsumCurabiturconsequat.edu,1950-09-13T02:08:30+01:00,172.2169290632,69.59895500431,67
153,Hector Andrews,1-948-412-8228,risus.Morbi.metus@Craseutellus.net,1969-06-17T07:17:16+01:00,164.27866352742,74.136679826995,30
154,Zephania Moran,1-447-971-4207,eu.erat.semper@egetlacusMauris.edu,1995-09-02T06:12:08+02:00,166.67004694173,71.480412043596,10
155,Ashton Burke,1-531-983-5165,cursus.non.egestas@aliquetmagnaa.com,1938-12-31T17:10:13+00:00,156.98024295123,72.540246243816,37
156,Galvin Castillo,1-616-786-2454,elementum.sem@vitaesemper.co.uk,1978-11-03T20:12:56+01:00,163.34717408946,71.218100620339,3
157,Dalton Brooks,1-474-250-7300,eu.elit@magnaLoremipsum.com,1984-11-22T00:02:04+01:00,164.04249646931,75.196349811409,88
158,Honorato Beach,1-864-799-4002,Nullam.scelerisque@necimperdiet.ca,1982-01-05T14:21:14+01:00,170.89542892095,72.161035185376,52
159,Gregory Ashley,1-157-250-3354,Nullam@primisinfaucibus.ca,1936-10-07T11:27:41+00:00,162.78391549415,66.813373450712,80
160,Duncan Wyatt,687-7514,eu@convallis.com,1949-02-12T11:45:37+01:00,164.47655162213,68.040099361377,59
161,Lyle Fulton,1-857-338-2112,sed.sem.egestas@cursusvestibulum.co.uk,1974-10-08T12:10:13+01:00,168.73862094393,66.58067451903,54
162,Tanner Moody,1-705-921-9683,Suspendisse@vitaemaurissit.org,1957-11-01T15:44:31+01:00,167.36830295779,68.167346411594,64
163,Warren Francis,654-3226,at.nisi.Cum@ametmetus.ca,1958-05-06T12:54:04+01:00,167.25179030934,70.680526701239,61
164,Ishmael Cannon,1-612-751-0405,dapibus@Crasdictumultricies.co.uk,1976-09-01T22:21:52+02:00,167.47588927941,69.246758134883,46
165,Colton Patrick,132-7910,Nunc@Quisquetinciduntpede.co.uk,1937-03-15T09:51:12+00:00,163.68983216207,79.782179837326,76
166,Burke Vang,1-708-270-7293,placerat.velit.Quisque@Cum.co.uk,1954-02-20T06:44:51+01:00,165.15917944797,71.256392917908,37
167,Cullen Hinton,1-316-386-4308,Integer@malesuadavelconvallis.co.uk,1988-12-13T12:13:55+01:00,166.45627256508,78.875170526144,28
168,Tanner Washington,481-0623,quam.vel@ametmetus.edu,1992-02-03T14:36:15+01:00,167.19502404736,73.221565968079,25
169,Dane Palmer,715-3620,sapien.Nunc.pulvinar@Fusce.edu,1943-11-19T20:49:55+01:00,165.13494046921,62.556713596046,72
170,Malcolm Combs,1-465-454-7697,nunc.nulla.vulputate@NulladignissimMaecenas.co.uk,1952-12-23T07:54:49+01:00,165.45420758974,74.184288581276,42
171,Dylan Rosales,171-9381,vestibulum@sitametrisus.ca,1987-01-25T22:28:13+01:00,167.85766380359,70.789778895305,73
172,Griffin Cherry,973-2531,Integer.vitae.nibh@arcuAliquamultrices.ca,1950-05-23T17:10:52+01:00,168.26995619266,71.59465065689,57
173,Deacon Alston,1-327-597-3456,Proin.non@aliquetlobortisnisi.ca,1951-06-22T04:44:22+01:00,164.38161477568,59.925960474057,95
174,Beau England,820-1472,Sed.molestie.Sed@aliquet.ca,1966-09-06T07:54:07+01:00,165.1226306453,65.916636590421,57
175,Blake Humphrey,1-924-564-0061,Nunc.lectus.pede@mi.org,1973-01-13T12:12:55+01:00,159.51039710906,71.867169877845,84
176,Jeremy Shepherd,1-498-760-9240,scelerisque.scelerisque.dui@turpisAliquamadipiscing.co.uk,1993-04-23T14:38:56+02:00,161.91344332268,72.042008553119,50
177,Dillon Santana,1-673-264-7876,lobortis.quis@elementum.ca,1966-05-21T18:14:55+01:00,168.54777877615,63.301545210951,17
178,Fulton Herring,1-577-971-3829,Suspendisse.commodo@vulputate.edu,1959-05-08T09:34:49+01:00,166.02801790658,69.627046328941,46
179,Mohammad Shepard,1-673-406-7920,turpis@diameudolor.com,1983-11-25T23:59:55+01:00,161.78414808259,71.936327205749,19
180,Gil Delgado,501-1543,imperdiet.ullamcorper.Duis@ornare.co.uk,1991-01-20T09:21:10+01:00,157.77055044674,60.832327669141,56
181,Jerry Morton,1-420-990-0437,Pellentesque.tincidunt@enim.edu,1958-05-31T07:10:29+01:00,164.36805436863,76.76543075413,88
182,Hoyt Carr,1-850-647-4297,ornare@inconsequat.com,1961-07-05T06:47:52+01:00,167.81269034454,65.067733296794,65
183,Harding Coleman,703-5538,Vivamus.non@massaSuspendisse.org,1972-02-24T22:26:10+01:00,164.31992677338,71.811937847626,64
184,Lewis Keller,394-8378,scelerisque.mollis@laciniaorci.org,1970-04-12T03:05:52+01:00,165.49885321158,63.508590624592,83
185,Tobias Rosales,1-368-570-0207,orci.Donec@et.ca,1996-06-12T17:36:10+02:00,161.46831074208,66.011185246923,5
186,Hu Keller,263-6408,eu.neque.pellentesque@eu.co.uk,1993-05-23T10:30:28+02:00,161.04981159786,69.613352847017,71
187,Tanek Guzman,585-5051,ullamcorper.velit@Aliquam.co.uk,1941-01-17T10:28:04+02:00,169.0474441878,67.341469862561,20
188,Brett Branch,892-8514,et@euismod.com,1962-12-28T18:57:19+01:00,170.76618436482,69.755112343879,72
189,Moses Mcdonald,229-7497,ipsum.Suspendisse.non@a.com,1957-10-08T09:15:42+01:00,164.15190186695,64.548588141345,73
190,Edan Osborne,549-1451,in.magna@ornareegestasligula.com,1983-11-05T14:22:30+01:00,169.26675411522,69.868121180059,79
191,Lewis David,971-8167,Vestibulum.ante.ipsum@volutpatNulladignissim.co.uk,1943-09-12T10:45:00+02:00,159.58115303697,70.508229807121,99
192,Xander Summers,950-9901,accumsan@apurus.co.uk,1950-01-12T06:53:25+01:00,171.39835659891,69.189561568291,82
193,Chancellor House,393-3083,Curabitur.massa.Vestibulum@sitametfaucibus.com,1956-02-09T13:24:16+01:00,163.87922715078,65.878715806308,97
194,Perry Greene,443-0175,nunc@noncursusnon.net,1943-03-16T07:29:27+01:00,165.22165511818,65.716764066765,26
195,Sylvester Ford,694-3265,mi@maurisMorbinon.co.uk,1970-11-24T00:09:03+01:00,168.21777122789,67.330644510834,38
196,Ezra Gaines,1-690-255-0126,Phasellus@tristiquealiquetPhasellus.ca,1988-07-27T16:35:51+02:00,158.26945984345,65.415746505587,35
197,Christian Burris,816-9822,luctus.et@sagittisDuisgravida.net,1994-12-28T00:20:25+01:00,163.90588541824,61.814068322985,96
198,Aladdin David,424-5741,Etiam.bibendum@placerategetvenenatis.ca,1988-09-25T12:03:43+01:00,170.17228007111,68.989648182136,27
199,Allen Campbell,786-0395,faucibus@sapienCrasdolor.org,1971-12-24T23:38:58+01:00,161.91587752302,62.497757870926,52
200,Theodore Mclaughlin,1-147-843-3857,porttitor@dapibusrutrum.ca,1979-04-16T14:31:09+02:00,164.66473776027,69.267410788382,53
201,Bruce Beasley,840-1022,Donec.sollicitudin@turpisegestasFusce.com,1988-08-18T01:47:51+02:00,161.8563749288,73.8569566027,69
202,Joel Head,1-515-509-7829,pede.Cum.sociis@liberoest.net,1986-07-11T14:44:30+02:00,164.48368685061,71.278016947314,36
203,Abraham Mcclain,1-841-836-4649,magnis.dis@lectuspede.ca,1979-07-14T02:00:31+02:00,163.61200317402,79.387087577926,93
204,Armando Ramsey,337-6635,facilisis.Suspendisse.commodo@auctorodio.co.uk,1961-01-09T14:58:04+01:00,161.64169265228,64.055487828016,6
205,Geoffrey Rogers,1-296-715-8032,ut.odio@Utsemper.org,1957-01-03T21:42:32+01:00,164.27631367678,77.752671553796,83
206,Lev Clements,911-2195,senectus.et@malesuada.edu,1976-11-17T12:24:53+01:00,171.8121257878,55.952366520937,45
207,Solomon Berry,1-300-651-9572,nunc.In.at@augueSed.net,1993-08-02T15:41:35+02:00,164.77402817555,64.276615418928,11
208,Jermaine Montoya,1-267-108-1889,tellus.id@Utsagittislobortis.net,1987-07-01T10:51:55+02:00,165.05979934699,70.993731591681,22
209,Fritz Kirk,1-952-588-3866,lobortis@nibh.org,1952-12-24T04:20:42+01:00,165.29232915782,64.852759053121,38
210,Berk Watkins,494-0990,a@SuspendissesagittisNullam.com,1956-09-06T06:14:23+01:00,161.99266910479,72.162923864041,45
211,Kenneth Holcomb,692-4467,dignissim@parturient.co.uk,1943-07-02T08:06:35+02:00,157.95476542773,69.811199815521,21
212,Jerry Ramsey,1-164-859-7853,Proin@montes.org,1959-03-13T12:21:40+01:00,167.73686872807,64.119530274079,5
213,Kevin Bean,372-5530,ligula@porttitortellusnon.ca,1967-05-02T07:53:04+01:00,162.95883511883,68.178779762644,83
214,Laith Sherman,723-2452,faucibus.orci.luctus@musProin.com,1990-08-05T20:54:10+02:00,168.04541274863,69.154748471587,3
215,Gabriel Kirk,860-1941,lorem@Vestibulum.net,1973-12-27T17:21:27+01:00,167.43660145303,69.604019399181,63
216,Merrill Shannon,1-846-318-8708,pellentesque@velit.edu,1965-01-02T14:54:43+01:00,162.65958705696,71.820908664455,40
217,Craig Curtis,352-2555,scelerisque.mollis@SednequeSed.com,1962-03-20T14:31:54+01:00,169.07826172889,59.402287206954,17
218,Harrison Watts,1-802-472-5056,Sed.malesuada@seddolor.ca,1953-07-08T07:32:47+01:00,166.12193893294,68.095216323133,17
219,Garth Lindsay,1-256-678-1751,urna.suscipit@necorciDonec.net,1958-10-28T03:14:42+01:00,167.84745020446,64.017533403613,83
220,Lawrence Blevins,1-160-337-3513,amet.risus@mifelisadipiscing.co.uk,1946-06-05T09:41:47+01:00,168.65759490481,70.16105056021,100
221,Channing Acosta,1-688-852-9170,mi.fringilla@faucibus.com,1981-10-23T05:33:28+01:00,172.27772424745,72.240325885451,10
222,Duncan Walsh,1-288-970-1870,Fusce.mollis@arcuNunc.ca,1991-09-09T21:03:40+02:00,166.32190896404,70.323638595272,78
223,Wylie Salazar,394-9689,Donec@ullamcorpermagna.org,1960-06-13T16:37:09+01:00,163.20758683441,68.071960581823,10
224,Macaulay Jacobson,1-429-136-1061,Suspendisse.aliquet@loremloremluctus.ca,1977-12-12T14:41:15+01:00,164.49044418902,78.912333037936,36
225,Ferdinand Sellers,897-9940,Mauris@dictumcursus.edu,1952-08-01T23:06:32+01:00,165.30849491872,63.330389103592,100
226,Herrod Sheppard,1-761-846-0985,dolor.quam@fringillaornareplacerat.org,1963-08-20T13:42:39+01:00,165.30520449168,64.098003699237,57
227,Darius Nelson,1-190-261-9863,Nunc@Seddictum.net,1967-01-02T22:22:39+01:00,166.04437208263,70.161971189639,14
228,Leonard Matthews,1-372-950-6521,molestie.tellus.Aenean@elitdictum.ca,1974-04-04T17:35:47+01:00,168.09516817203,69.635835553394,79
229,Callum Sweeney,1-370-337-6817,arcu.Sed@Nullamlobortis.ca,1973-04-20T17:53:22+01:00,167.91793628583,70.019931635136,35
230,Uriah Moore,708-7548,auctor.nunc@pharetraut.co.uk,1990-12-20T02:12:01+01:00,164.6121818284,71.340007538493,100
231,Sawyer Harrington,724-9439,egestas.Aliquam.nec@velitPellentesqueultricies.edu,1966-01-10T16:28:14+01:00,169.63446467936,69.245362941892,33
232,Prescott Atkins,1-654-605-6090,natoque.penatibus.et@maurisblandit.net,1965-05-29T09:05:59+01:00,164.36050985523,75.56519719459,26
233,Lucius Perez,103-0807,Duis.gravida@adipiscingfringilla.net,1973-11-07T12:39:07+01:00,164.45566773288,62.100409125451,52
234,Uriah Bird,1-394-634-3567,velit@dictumsapien.edu,1942-08-29T01:19:05+02:00,164.16397007358,66.208839197977,41
235,Robert Rios,1-830-256-8264,dignissim@gravidanon.ca,1950-10-22T01:30:27+01:00,163.874123762,67.272377851174,57
236,Ross Doyle,1-473-653-3438,enim@vestibulum.org,1948-02-14T23:44:04+01:00,166.50858527861,65.601479221193,58
237,Giacomo Key,1-449-426-7021,pharetra.Quisque@rutrum.net,1942-08-05T03:26:57+02:00,158.28230541931,77.096091901348,66
238,Daniel Hubbard,1-597-253-1299,at.lacus.Quisque@vitaealiquam.edu,1964-03-17T11:13:51+01:00,155.62336463552,72.611747976385,91
239,Donovan Curtis,653-7317,nisi@Quisque.ca,1945-09-07T13:45:22+02:00,165.4324344802,64.278308526268,76
240,Yasir Witt,623-0281,sociis@sollicitudin.com,1949-12-31T19:08:08+01:00,157.78335991131,74.945722237255,13
241,Howard Harrell,1-587-812-8328,risus@lectusrutrumurna.com,1956-03-25T07:21:00+01:00,159.98678472874,65.72578487265,96
242,Hakeem Forbes,1-235-624-5044,sollicitudin.adipiscing@magnaUttincidunt.org,1967-08-12T17:06:39+01:00,162.94232773495,65.863408770038,20
243,Zeph Baxter,1-969-918-7936,ultrices.posuere.cubilia@disparturientmontes.org,1972-05-22T19:03:28+01:00,159.06477104778,65.329069573332,93
244,Edan Simpson,1-159-436-5146,at.iaculis@magna.org,1936-02-28T00:27:35+00:00,166.9893709332,66.295936026236,17
245,Reece Duke,349-0217,pede.ultrices.a@erat.ca,1986-10-07T06:54:17+01:00,161.63181940887,78.570579415882,46
246,Stuart Harris,233-2772,enim.Sed.nulla@etmalesuadafames.ca,1993-04-24T18:16:57+02:00,167.8568169057,62.186706534413,62
247,Oscar Ortega,1-314-338-9980,dignissim.lacus@adipiscingligula.org,1988-09-17T18:01:42+02:00,165.08149279751,68.641446928854,59
248,Wang Potter,987-1579,ridiculus@dis.com,1939-05-17T18:08:18+01:00,171.19553283813,77.389699927559,66
249,Orson Shelton,213-5988,purus.Duis@Proin.net,1980-09-27T21:23:20+02:00,163.05238445835,71.844125262689,34
250,Thane Simmons,432-5692,Suspendisse.eleifend@eleifendnecmalesuada.org,1940-02-28T22:01:40+01:00,160.40941493629,63.523437681186,56
251,Colton Ryan,1-540-105-5396,non.enim@duilectusrutrum.com,1987-02-24T02:11:13+01:00,167.63041326156,65.213504309054,34
252,Kamal Chapman,170-1176,eget.dictum@Integerinmagna.edu,1938-04-11T03:26:21+01:00,168.85476322313,67.200181795522,45
253,Josiah Sherman,273-2296,ac.fermentum.vel@enimdiamvel.co.uk,1990-08-22T21:48:17+02:00,169.13041870025,70.943474920767,24
254,Aidan Huff,1-241-912-6634,justo.nec@etcommodo.edu,1995-03-29T18:34:53+02:00,164.43406125213,69.388065693306,6
255,Wade Underwood,420-1733,nunc.ac@odioauctorvitae.ca,1975-02-10T18:44:14+01:00,168.51287042537,62.634429629122,79
256,Tanek Hayden,351-6999,Pellentesque@eleifendegestasSed.ca,1974-11-05T15:07:00+01:00,173.71906169557,72.717056485514,92
257,Vance Serrano,1-691-552-3948,ut.eros@dolorFusce.ca,1970-05-20T02:24:43+01:00,165.59031857353,59.929234919656,100
258,Erich Malone,1-152-143-0523,Aliquam@Sedidrisus.co.uk,1976-09-17T06:36:19+02:00,165.21761619785,72.906172797762,97
259,Kato Davidson,1-886-147-6354,eget@laoreetposuere.net,1989-02-18T10:33:07+01:00,163.04284337532,64.990243302882,29
260,Kyle Estes,1-897-249-3048,iaculis@facilisisloremtristique.ca,1950-04-12T01:50:54+01:00,168.53924203244,73.848075457413,71
261,Henry Hart,129-5753,nonummy.ultricies.ornare@miloremvehicula.co.uk,1967-09-11T11:40:38+01:00,163.72060521055,71.35398900278,88
262,Cyrus Paul,725-6654,Suspendisse.sed@netus.co.uk,1995-07-18T22:06:11+02:00,161.48749808016,67.578237655766,30
263,Ishmael Hall,341-9993,ipsum.primis.in@ligula.co.uk,1978-05-12T06:00:56+02:00,161.7590294456,70.376920448918,5
264,Wade Bartlett,893-8843,non@elitfermentumrisus.edu,1969-02-08T03:10:20+01:00,165.85941019271,60.751165090568,11
265,Orlando Osborn,1-988-314-8546,mauris.rhoncus@Donec.edu,1973-09-30T16:00:38+01:00,160.69336270755,63.589488771428,11
266,Garrison Hogan,1-940-875-4516,nec.ligula.consectetuer@malesuadafamesac.co.uk,1945-01-21T06:35:32+01:00,164.97193679937,79.970725250281,23
267,Isaac Hardy,347-7563,Maecenas.iaculis@lacusvarius.com,1945-12-12T06:36:52+01:00,166.00503794126,72.294138210172,36
268,Raja Garner,1-178-158-8472,sed.turpis@iaculisaliquet.org,1950-01-04T00:02:47+01:00,163.79347041257,79.83420024804,51
269,Scott Hood,425-1353,quis.arcu@molestie.ca,1981-03-27T21:34:39+01:00,163.61604701353,66.908149268715,41
270,Nash Ray,1-290-328-1883,purus.mauris.a@tristiquesenectuset.co.uk,1938-03-18T07:59:30+00:00,168.18226001172,68.568217993102,21
271,Orson Kane,301-0729,mus.Donec.dignissim@eget.com,1978-09-17T19:53:32+02:00,165.43638800322,62.415314678959,39
272,Kibo Tanner,1-694-495-0033,egestas@Quisqueimperdieterat.ca,1979-01-06T09:43:11+01:00,160.12641838947,73.448442522406,24
273,Burton Armstrong,1-857-315-2143,quis.arcu.vel@Praesenteu.com,1958-08-04T10:18:45+01:00,161.12654791997,71.82960686576,38
274,Cairo Sampson,966-5717,dolor.quam@egestas.com,1983-12-22T08:25:12+01:00,160.36447329761,67.793631662133,67
275,Brenden Mayo,1-983-592-7056,Aliquam@ullamcorper.co.uk,1944-11-09T21:33:13+01:00,164.93580832112,65.840063034652,47
276,Cain Kelley,1-301-900-5929,gravida.Praesent.eu@Vivamusnisi.org,1962-09-25T00:17:38+01:00,161.95271216325,77.149264344436,46
277,Oren Todd,495-7670,tellus.Suspendisse.sed@mollis.org,1956-03-12T07:27:00+01:00,167.71645739248,62.515513432028,92
278,Howard Luna,1-996-329-4704,Nulla@tellus.edu,1990-01-12T19:27:31+01:00,166.5172554318,66.467786984113,59
279,Micah Bond,1-366-538-6225,Pellentesque@consectetuermauris.ca,1968-04-25T12:27:03+01:00,162.91613977961,69.747569089655,93
280,Hayes Bates,435-8003,tellus.id.nunc@Cumsociisnatoque.com,1987-11-28T04:34:44+01:00,157.55126510331,70.843458978118,20
281,Amal Harrell,650-4429,et.eros@nuncsed.org,1966-02-12T13:08:50+01:00,170.14746788587,65.617910857916,96
282,Walter Kemp,391-2026,Aenean.eget.metus@odio.edu,1979-04-04T04:00:53+02:00,170.5950078047,69.494185345313,9
283,Nehru Herring,291-7091,Donec.consectetuer.mauris@nostraper.net,1951-03-28T00:42:53+01:00,164.74737159531,69.510305542703,10
284,Macon Booker,1-843-359-8370,eu@quam.ca,1938-12-09T16:31:47+00:00,164.78089668439,71.748898239906,12
285,Colby Abbott,885-4816,feugiat@arcuAliquam.org,1945-01-10T22:45:05+01:00,165.19370443726,61.60212485212,63
286,Mark Oliver,1-858-159-4444,in.dolor.Fusce@facilisis.org,1949-10-21T22:03:56+01:00,167.91357988231,72.041500912603,34
287,Levi Miller,775-5063,tortor@luctus.com,1995-01-07T14:27:23+01:00,167.30251890525,71.382272171229,56
288,Theodore Petty,1-429-207-8244,Morbi@metussit.org,1981-09-06T09:52:56+02:00,159.40985849122,69.407169666791,79
289,Ezekiel Bray,409-3955,ipsum.primis@necmaurisblandit.com,1938-10-24T11:36:05+00:00,164.62317470094,70.733011116893,88
290,Simon Schwartz,1-108-317-5073,amet.consectetuer.adipiscing@lobortisnisi.com,1986-11-04T01:29:49+01:00,168.99556249517,70.5616922259,43
291,Edan Glass,436-6421,non.magna@semelitpharetra.net,1941-04-14T05:35:23+02:00,164.82577838933,64.963499555645,58
292,Rooney Small,1-362-347-3696,Curae.Phasellus@rhoncusDonecest.org,1949-06-02T15:03:20+01:00,165.8803029053,63.452247979918,34
293,Cruz Rodriguez,1-941-414-0824,enim.Etiam.gravida@Nullamvitae.org,1994-01-09T17:40:13+01:00,167.75756837145,60.460292532783,61
294,Baker Strong,226-2884,non.egestas@Curabiturconsequat.ca,1988-12-28T22:07:52+01:00,162.09855701964,63.256999756891,96
295,Robert Roth,1-644-582-6825,diam.luctus.lobortis@ridiculusmusAenean.ca,1988-09-15T12:43:14+02:00,166.97718201581,64.490320882905,40
296,Dean Lott,1-163-718-2181,Morbi.sit@fermentumarcuVestibulum.org,1971-07-05T00:11:29+01:00,154.85533207891,77.503674518361,30
297,Simon Garcia,650-0003,pretium@aliquam.org,1973-02-09T15:38:55+01:00,164.55900795967,74.092448231197,35
298,Craig Massey,1-196-683-0100,lacinia.mattis.Integer@anteblandit.com,1953-07-09T07:54:05+01:00,162.90832468793,76.716855114778,19
299,Kibo Ochoa,598-9099,diam.Pellentesque@ettristique.net,1958-08-21T23:44:00+01:00,159.67082495933,73.210234995527,41
300,Asher York,507-5572,commodo@penatibus.ca,1984-12-25T08:40:36+01:00,170.61170207396,74.528782136382,77
301,Darius Walsh,709-9780,ac.risus@Nullasempertellus.co.uk,1996-07-09T10:42:11+02:00,170.17280645612,69.45843824407,42
302,Tobias Howell,686-6006,aliquet.magna@scelerisquemollisPhasellus.net,1981-04-27T07:53:40+02:00,158.95303928711,72.29235839468,84
303,Wallace Maddox,210-5082,egestas.ligula.Nullam@ornarefacilisiseget.com,1961-05-07T19:32:07+01:00,160.90616192516,75.527001470122,35
304,Brock Wilkins,736-4145,dapibus@duilectusrutrum.ca,1950-11-14T18:30:28+01:00,165.73300849267,61.882113067445,18
305,Simon Case,429-8991,molestie.pharetra.nibh@Nuncacsem.net,1978-09-11T14:08:18+02:00,167.31549876248,74.084748704397,65
306,Plato Cotton,1-552-612-0554,Nam.ac.nulla@sociisnatoque.org,1989-06-22T16:14:19+02:00,163.4401037256,71.767666185937,48
307,Armando Durham,793-8411,lacus.vestibulum.lorem@ultrices.ca,1978-07-13T04:59:25+02:00,162.87276708922,64.588775539018,45
308,Hayden Potter,810-9209,commodo@nuncacmattis.co.uk,1992-09-17T16:08:48+02:00,160.71104955955,64.767306583868,19
309,Ryan Vance,467-9613,pharetra@tempuslorem.com,1960-12-19T09:09:21+01:00,162.18317952213,69.763339059412,64
310,Elmo Noel,786-8444,elit.pellentesque.a@nisinibh.co.uk,1991-02-04T14:49:30+01:00,158.66403805792,71.349699414307,98
311,Kane Reed,307-3478,accumsan.laoreet.ipsum@aptenttaciti.org,1938-07-12T16:16:59+01:00,164.33160116203,69.999283353686,50
312,Colorado Austin,919-3195,bibendum.ullamcorper@Quisqueornaretortor.co.uk,1945-05-04T13:02:07+02:00,166.73902852397,75.3194535759,96
313,Palmer Gregory,496-2595,augue@sapienmolestie.co.uk,1941-07-23T08:00:27+02:00,165.67726887236,71.018665114817,80
314,Berk Phelps,1-314-797-0097,diam.vel.arcu@faucibusorci.co.uk,1944-09-06T04:37:15+02:00,164.69688638626,71.204185642205,92
315,Daniel Johnston,1-113-293-7780,mollis@tellusnonmagna.org,1942-04-03T02:00:34+02:00,159.68543319842,62.674642132605,69
316,Herrod Randolph,831-1843,vel@amet.org,1978-11-08T13:07:28+01:00,162.55429338975,70.860996198896,50
317,Griffith Nelson,1-893-151-3427,Aenean@Fuscefeugiat.co.uk,1978-12-11T09:07:30+01:00,169.47944512287,68.533482529878,85
318,Avram Rodgers,1-986-309-5387,arcu.ac@temporestac.co.uk,1956-06-06T09:41:02+01:00,168.48583289523,63.74534839262,39
319,Eaton Klein,254-5918,pharetra@estac.ca,1971-08-08T08:09:10+01:00,167.39274887371,65.892075938508,23
320,Cullen Greene,495-3257,a.feugiat@aliquameu.org,1983-07-04T04:43:20+02:00,172.90292899498,62.003202577901,84
321,Sebastian Sharpe,885-4416,orci.Ut.semper@odiotristique.edu,1942-04-03T23:36:02+02:00,164.29924048539,71.015550394093,37
322,Jakeem Wyatt,1-623-975-1419,sodales@adipiscingligula.com,1978-08-21T13:33:26+02:00,162.05586368304,76.567199698598,84
323,Ferris Mcclain,500-0666,consectetuer@parturientmontesnascetur.com,1936-11-30T00:06:12+00:00,171.32836526228,67.603029546083,70
324,Cullen Mcgee,1-962-521-0270,cursus.a@quisturpisvitae.ca,1982-11-24T21:07:26+01:00,163.20382596155,65.790355244916,34
325,Griffin Boyd,595-1302,egestas.blandit@Aliquamultricesiaculis.net,1979-01-23T03:12:05+01:00,165.0368520577,71.91672555318,84
326,Jack Castillo,1-780-143-7789,iaculis.enim.sit@estmauris.org,1962-11-23T07:41:33+01:00,167.05308571687,68.571802991164,18
327,Chancellor Nelson,927-9978,Nulla.eget@ullamcorperDuiscursus.edu,1990-10-24T16:23:56+01:00,169.57375092712,67.331889876777,98
328,Dillon Jacobson,525-5709,mauris.ut@molestiedapibusligula.org,1961-04-01T07:23:45+01:00,163.51360873074,70.702596278954,29
329,Ulysses Schwartz,158-7648,egestas.Duis@elit.net,1944-02-24T22:44:38+01:00,162.24164410988,72.424858964697,30
330,Emmanuel Rodriquez,320-0638,id.sapien.Cras@Phasellus.ca,1993-07-30T21:23:57+02:00,164.83890616072,73.660817451599,40
331,Porter Herrera,1-587-480-5034,fringilla.mi.lacinia@Curabiturut.edu,1938-03-08T17:25:35+00:00,163.21070091142,73.755148712482,39
332,Colton Webster,363-1638,semper.pretium@eusem.net,1994-11-03T17:33:13+01:00,165.64474912135,63.535441209068,42
333,Neville Olsen,1-202-841-4038,nulla.Cras@rutrum.co.uk,1975-08-27T20:33:13+01:00,164.98009291442,72.718989408222,79
334,Stewart Newton,1-326-180-9356,condimentum.Donec@aliquamiaculis.net,1953-05-15T15:03:24+01:00,153.00325858921,70.870311636656,57
335,Magee Pollard,1-764-876-1681,natoque.penatibus.et@congueIn.co.uk,1937-04-06T21:56:42+01:00,159.18150293454,60.290859648178,76
336,Zachary Vance,1-267-293-8790,egestas.Fusce@sit.ca,1947-10-07T02:29:27+01:00,165.04493710351,65.451373913909,77
337,Devin Garrison,1-458-368-4796,at.velit.Pellentesque@sedhendrerita.net,1967-12-17T02:09:09+01:00,166.52421525988,76.162339699574,72
338,Amery Lara,213-8115,euismod@diamatpretium.net,1944-09-25T20:41:08+02:00,167.38966079437,75.898199840206,100
339,Amery Weeks,1-598-411-0612,turpis.egestas@semeget.edu,1945-02-26T11:43:24+01:00,168.64896643455,65.974323677004,60
340,Fuller Noel,865-2717,lectus@vitaeodiosagittis.co.uk,1936-12-26T18:35:45+00:00,158.42839388315,64.759041511308,9
341,Denton Bender,1-392-631-0641,fermentum.arcu.Vestibulum@nequeNullam.net,1978-01-21T04:53:41+01:00,165.91625174476,69.04332048481,63
342,Barrett Winters,447-2884,semper.cursus@hymenaeosMaurisut.edu,1993-08-17T09:19:37+02:00,162.65011670629,66.2684825145,76
343,Chaney Baxter,865-3766,mi.enim.condimentum@nisisem.net,1978-06-16T22:56:38+02:00,166.95850052308,75.031206276399,79
344,Macon Gonzales,956-1401,Quisque.imperdiet.erat@dolorsit.net,1944-05-31T23:27:28+02:00,165.30082789941,73.150216498018,21
345,Mufutau Huffman,1-660-155-9681,libero.Proin.sed@Sednunc.org,1986-02-21T01:47:34+01:00,159.78828889862,70.747565110958,33
346,Merrill Moore,866-8740,diam.at@tellus.org,1954-12-03T08:18:16+01:00,164.91481854781,73.138286940532,32
347,Leonard Conner,789-9441,tempor@seddolorFusce.net,1937-03-22T17:43:21+00:00,163.32946887196,68.445291959284,21
348,Oleg Gamble,137-4221,Aliquam.ornare@augueut.com,1947-10-25T08:57:58+01:00,162.07080051813,65.485910971681,97
349,Graham Gross,692-2378,neque@pharetraut.com,1959-12-25T03:40:30+01:00,162.5303393436,59.265358242855,28
350,Harlan Frazier,1-388-249-9867,interdum.feugiat.Sed@nisinibh.net,1961-11-11T02:52:30+01:00,164.20157111529,65.36849081628,80
351,Burke Mccarthy,696-1541,Aliquam.ornare.libero@id.org,1960-11-13T22:23:58+01:00,164.33103379641,64.832784191582,76
352,Shad Bernard,523-2660,lacus.Quisque.imperdiet@nullaCraseu.co.uk,1995-12-09T22:54:24+01:00,163.14654979138,75.23264334919,70
353,Acton Harrell,622-0602,fringilla.Donec@idblandit.edu,1965-01-28T09:51:05+01:00,163.32160699943,69.205677664358,32
354,Malik Chen,1-219-210-9568,ligula.Aenean.euismod@pedeSuspendissedui.ca,1961-06-24T03:54:53+01:00,170.15063148298,73.025234234322,28
355,Kato Whitaker,1-106-482-6671,tempor.lorem.eget@Innec.edu,1987-02-14T08:53:53+01:00,167.37354071364,72.07491737293,60
356,Castor Mckenzie,603-1969,aliquet.magna.a@cursuseteros.ca,1959-02-24T01:18:26+01:00,171.68552210624,68.346963738549,2
357,Elmo Nielsen,313-6851,fringilla.est.Mauris@vehicula.co.uk,1955-07-09T20:08:07+01:00,165.17742103261,76.333403732358,4
358,Yoshio Bender,669-7181,purus.Nullam@tristique.com,1944-02-29T03:25:43+01:00,163.42443799152,72.322994184069,20
359,Aquila Buckner,112-0201,ante@Donecat.net,1943-05-04T20:53:44+02:00,162.0929798895,72.541656858392,4
360,Chancellor Craft,1-720-636-5965,Integer.id@mattisornarelectus.ca,1949-07-19T19:42:06+01:00,162.04103912801,74.643886713673,8
361,Malcolm Irwin,1-298-612-4040,et.magnis@consequatenim.co.uk,1939-10-02T11:43:28+01:00,163.86167072234,69.545498121344,52
362,Amos Burgess,528-2971,Ut.sagittis.lobortis@bibendumDonec.ca,1961-06-04T19:56:09+01:00,167.75903153368,65.404280499927,73
363,Price Rodgers,1-473-409-8095,Aliquam@sapienmolestieorci.com,1970-04-09T08:45:45+01:00,164.52417443362,67.053426552224,48
364,Solomon Frederick,1-924-114-3832,sit.amet@sapiengravidanon.net,1958-08-17T16:49:28+01:00,164.76424279808,65.480334683043,81
365,Steel Pruitt,1-841-703-5388,ad.litora.torquent@rutrumeuultrices.org,1937-05-19T07:48:55+01:00,163.942943541,68.973859532766,77
366,James Mcguire,1-540-759-5665,nec@massarutrum.com,1936-03-07T07:38:10+00:00,168.79939552701,77.702113649088,7
367,Eagan Mcknight,1-722-311-2411,hendrerit.Donec@suscipit.org,1974-04-29T15:49:21+01:00,162.16683209111,70.383062153031,77
368,Marsden Peterson,104-7807,Phasellus.at.augue@auctorullamcorpernisl.org,1982-07-05T22:06:55+02:00,175.87982390502,83.824712494948,94
369,Knox Kirk,932-4425,sed.hendrerit@vitaedolorDonec.co.uk,1956-10-23T06:24:17+01:00,166.26305512168,61.600582401717,72
370,Arden Perkins,1-677-546-9424,dictum@bibendum.co.uk,1966-07-14T01:22:07+01:00,164.46907908972,72.07745616672,50
371,Wing Rivera,1-151-458-6486,nibh@mienimcondimentum.com,1953-04-30T12:37:38+01:00,169.13698491591,68.676360225221,19
372,Kirk Ramirez,776-1815,nisl@ipsumdolorsit.edu,1944-10-11T15:40:21+01:00,163.27906018545,70.577495992248,57
373,Tiger Acosta,888-0600,egestas@ipsumprimisin.co.uk,1950-10-24T00:03:21+01:00,161.0495719421,71.748123181811,3
374,Hashim Pierce,1-680-990-4966,quam@ornare.com,1944-12-31T20:16:12+01:00,162.84856323766,63.243656894388,47
375,Omar Tyler,1-447-436-1602,erat.nonummy.ultricies@dapibus.org,1945-08-07T02:29:38+02:00,166.33728042038,69.26801029175,98
376,Carson Leblanc,1-507-212-6865,molestie.arcu@blandit.co.uk,1961-07-21T08:28:08+01:00,165.92647366514,68.742255224392,97
377,Jonas Foley,154-3728,tincidunt.orci.quis@pede.net,1945-03-01T05:11:57+01:00,163.89978717988,65.919737691186,51
378,Oscar Holmes,983-8921,diam.Proin.dolor@CuraePhasellusornare.co.uk,1965-11-28T10:16:36+01:00,158.5060678714,70.768865206574,20
379,Jared Shields,1-723-778-9106,dis.parturient@risusDonecegestas.edu,1965-04-27T12:54:04+01:00,167.93665641683,64.776798002642,1
380,Steel Mcclain,1-211-445-8218,ligula.tortor.dictum@Donecfringilla.net,1967-09-06T12:53:22+01:00,162.23031536796,69.665566928636,37
381,John Horne,1-579-121-9730,dui.nec@dolor.ca,1979-11-29T23:54:30+01:00,167.99176386837,77.231511818181,46
382,Gary Marks,1-230-871-0357,pellentesque.Sed.dictum@sollicitudinadipiscingligula.com,1995-02-19T21:43:04+01:00,160.59300320421,65.12042099306,100
383,Ignatius Riggs,1-775-796-5771,sit.amet.nulla@elit.co.uk,1993-06-11T23:03:04+02:00,167.1415293909,70.531502445911,82
384,Bruno Vincent,258-0279,sit.amet@Suspendissetristique.org,1972-09-19T18:39:11+01:00,167.90405576891,71.383978816837,11
385,Lawrence Hancock,527-8764,dolor@Curabitur.edu,1943-06-18T11:52:49+02:00,158.81067157097,72.650139578649,96
386,Stuart Chavez,832-3210,sed.turpis.nec@porttitortellus.org,1948-09-02T11:32:21+01:00,165.02604933155,68.243324829956,85
387,Brian Lopez,847-5627,tellus.Suspendisse@non.org,1993-10-11T14:09:12+01:00,164.19404747059,65.979330838468,98
388,Malik Knapp,571-8539,vulputate.lacus.Cras@arcuSed.co.uk,1936-05-07T22:04:15+01:00,161.3080457217,65.95079096659,23
389,Berk Bernard,230-2592,lectus@ullamcorpermagnaSed.org,1979-02-24T10:54:33+01:00,170.36691380836,63.574400738943,14
390,Leonard Chandler,866-4290,Suspendisse.tristique.neque@Mauriseu.org,1944-03-27T03:44:40+01:00,170.20302419298,64.198347188155,74
391,Kasimir Miller,649-2413,nascetur.ridiculus.mus@justo.org,1965-12-20T12:25:47+01:00,166.38229223667,68.673144057718,82
392,Noah Payne,1-318-710-3454,arcu.Curabitur@maurisIntegersem.co.uk,1982-03-04T11:02:37+01:00,167.70831036571,67.560407973962,39
393,Tyler Koch,456-6769,torquent@Fuscefeugiat.edu,1985-08-05T07:28:23+02:00,162.84263346192,68.109969895546,66
394,Armando Snyder,329-8710,malesuada.augue@eratvolutpatNulla.com,1996-11-08T05:19:46+01:00,163.23241185943,66.297522946088,64
395,Zeph Fry,1-706-593-8961,Donec.porttitor@eumetusIn.co.uk,1972-09-19T13:50:39+01:00,158.56787033127,79.051503658588,50
396,Fuller Mcfadden,1-594-877-3396,arcu@Craspellentesque.net,1971-11-28T14:12:10+01:00,168.98979073656,62.944787819214,99
397,Allistair Farmer,1-999-589-7917,dolor.sit.amet@ategestasa.co.uk,1971-02-10T06:12:39+01:00,168.7411780685,74.17987825301,81
398,Vance Gilmore,187-5327,vulputate.velit@ipsum.co.uk,1972-07-10T11:31:50+01:00,160.73689816028,84.974044970237,60
399,Jin Mcleod,487-2453,id.sapien.Cras@Vestibulum.net,1985-11-18T15:44:47+01:00,166.06221052128,65.065800237313,33
400,Conan Newman,726-9436,urna.Vivamus.molestie@Sed.org,1972-01-12T23:58:41+01:00,166.61283289477,60.224635196494,15
401,Samson Blanchard,1-759-778-3314,pharetra@Lorem.ca,1980-09-02T23:22:46+02:00,159.93915561865,70.163393034021,5
402,Branden Sims,543-9916,Proin.vel@lobortismauris.org,1965-04-20T10:21:02+01:00,167.05453088834,67.879363427891,33
403,Conan Haney,486-1571,et.ultrices@aliquetnec.edu,1969-10-15T11:06:32+01:00,168.89491936513,68.965511832371,85
404,Carlos Barnett,1-426-682-7662,sem.Nulla.interdum@lorem.com,1950-11-19T23:21:00+01:00,159.6250086027,72.208255033508,83
405,Steven Dean,1-228-201-5505,ac.sem.ut@idmagna.com,1937-09-19T16:46:17+01:00,161.64273650789,69.052245602834,64
406,Oscar Vazquez,1-416-662-8358,mattis.Integer.eu@felis.org,1973-07-23T10:54:31+01:00,167.02194831737,70.902214664671,46
407,Orson Strickland,630-9235,risus.Nunc@mus.ca,1942-06-12T07:18:19+02:00,160.27344303296,67.116414091669,53
408,Curran Pickett,857-4572,lobortis.tellus@adipiscinglacus.ca,1974-09-18T13:40:32+01:00,167.43539296253,77.137588969625,78
409,Orson Horn,812-5554,dis.parturient.montes@adipiscing.co.uk,1939-05-26T16:30:46+01:00,174.37326167857,71.965654777641,11
410,George Bradshaw,1-956-826-2334,vitae.diam@massaVestibulumaccumsan.edu,1945-04-29T19:27:30+02:00,164.22573507207,80.171493527156,69
411,Isaiah Christensen,639-8941,adipiscing.lobortis.risus@eleifendvitaeerat.org,1942-01-16T20:35:13+02:00,162.16470662922,69.582318569616,41
412,Edward Key,1-148-530-7500,Sed.malesuada.augue@ut.edu,1937-09-28T20:24:34+01:00,169.68651559027,63.838530471233,80
413,Xander Merritt,488-4908,scelerisque@urna.org,1958-11-09T18:00:52+01:00,168.06640609657,70.195609916311,73
414,Drake Mack,1-557-395-6566,ac.fermentum.vel@pellentesquemassa.edu,1952-10-08T07:46:10+01:00,159.31613242438,65.9025797585,3
415,Palmer Becker,1-494-783-7992,Aenean@imperdiet.co.uk,1944-06-07T00:36:28+02:00,160.82615807516,76.275471889326,100
416,Justin Chavez,650-9130,sagittis@noncursus.org,1996-01-03T10:23:42+01:00,171.64968944746,70.799593486676,58
417,Cooper Barrett,1-191-686-5701,Donec.est@acmi.com,1979-04-12T22:08:02+02:00,164.38099368352,80.527272070291,99
418,Tiger Casey,1-730-247-1417,tincidunt.congue.turpis@duiaugueeu.ca,1976-08-01T10:48:41+02:00,166.86498861437,64.492763856007,59
419,Abel Valencia,1-609-732-1562,ipsum.Suspendisse.non@Donecdignissimmagna.ca,1949-01-06T11:01:37+01:00,164.97559043776,65.862887099402,81
420,Harper Ruiz,857-8329,massa.rutrum@nibhQuisquenonummy.com,1985-09-21T07:15:29+02:00,170.21049073329,61.381211798231,79
421,James Kirk,1-283-257-2189,adipiscing.elit.Curabitur@amet.net,1950-02-08T12:55:18+01:00,164.30277961397,78.002823181747,73
422,Moses Clemons,868-0837,magna.Lorem@ut.edu,1939-01-20T05:44:50+00:00,165.95228321963,69.006610600512,75
423,Dominic Mcbride,754-2799,vel@lorem.edu,1979-05-05T16:23:42+02:00,160.24083497365,67.21664347683,57
424,Alfonso Rosa,651-9181,hendrerit.neque@mi.net,1988-11-17T20:57:48+01:00,166.03300381907,61.947837734185,97
425,Geoffrey Pitts,482-5555,Cras.lorem@magnaDuis.org,1951-10-01T14:36:39+01:00,164.63163781174,71.202406050539,40
426,Dale Walls,498-5560,arcu.Vivamus.sit@elementumduiquis.com,1963-05-30T07:05:01+01:00,160.94076381542,62.929652642608,78
427,David Good,1-775-777-6630,mauris.sit.amet@nibhenim.org,1962-08-25T09:45:44+01:00,162.94689327788,71.327638385377,34
428,Ezekiel Moran,1-699-670-1272,Morbi.non@Donec.ca,1987-08-20T10:44:55+02:00,163.14517844649,65.841884689884,91
429,Tanner Stark,580-6895,sociis.natoque@diamluctus.co.uk,1962-03-29T05:28:23+01:00,166.48402696749,65.875133372334,24
430,Jasper Berg,1-865-870-8807,ante@pedeNunc.net,1974-04-01T08:14:31+01:00,161.65113965382,70.593918407649,58
431,Mannix Dean,283-9374,blandit@loremegetmollis.com,1939-04-12T15:15:53+00:00,160.59952045001,76.271919323654,22
432,Tad Cline,887-0160,penatibus.et@adipiscingMauris.com,1985-12-07T15:38:21+01:00,168.41988224366,64.380132397305,68
433,Walker Mcknight,915-4884,Morbi.accumsan.laoreet@faucibus.co.uk,1982-12-11T12:12:31+01:00,166.42275985432,80.403667725003,45
434,Baker Pugh,553-4401,non.sapien@nulla.edu,1942-02-25T08:03:50+02:00,159.75344598982,70.99096315002,22
435,Len Mercado,449-1438,mi@ligula.edu,1960-08-28T05:21:55+01:00,163.65625922342,77.330144639388,34
436,Kadeem Frye,1-275-664-1620,dapibus@natoquepenatibus.com,1969-01-05T09:55:16+01:00,164.20725682084,78.076547380297,56
437,George Morin,1-600-208-8345,penatibus@DonecfringillaDonec.co.uk,1993-06-24T11:46:59+02:00,163.91070631911,69.893150515173,36
438,Peter Patton,1-264-315-7757,pede@luctusfelis.edu,1945-12-19T15:33:01+01:00,166.42067053095,68.565583241027,62
439,Reuben Smith,737-4619,vulputate.dui@sollicitudina.net,1967-07-06T03:46:30+01:00,161.14930654406,67.434841117619,91
440,Gage Petty,1-874-932-5205,natoque@at.co.uk,1974-07-19T09:56:10+01:00,168.73636042259,66.270471247274,22
441,Travis Alford,1-973-191-6293,Morbi.neque@idliberoDonec.net,1994-07-03T06:40:29+02:00,165.49320596963,58.713835678279,65
442,Keaton Elliott,485-6027,tellus@lacusAliquam.net,1962-12-13T13:01:35+01:00,167.06060638136,76.24053691375,1
443,Prescott Frye,1-321-125-1652,nascetur.ridiculus@atpretiumaliquet.com,1948-11-02T20:14:46+01:00,166.62211919835,73.862367823675,30
444,Orlando Delacruz,123-4391,hendrerit@ipsum.com,1940-08-23T15:37:11+02:00,163.10495995206,75.014160414025,17
445,Carson Snider,1-148-433-6009,blandit.Nam@vestibulum.edu,1979-11-14T04:40:15+01:00,164.97977334434,71.702979271236,9
446,Colin Cross,1-133-478-5873,Mauris@eumetus.edu,1965-03-29T00:42:43+01:00,166.61143953806,59.763005738097,33
447,Felix Payne,1-990-365-7886,ultricies@libero.com,1980-11-11T05:36:49+01:00,163.79572223787,68.261814545087,65
448,Ashton Wright,1-880-366-5719,Sed.eu@Proin.co.uk,1958-05-28T03:31:41+01:00,168.58214606135,74.542735646232,15
449,Thor Santos,1-351-663-6922,sit.amet@estconguea.com,1953-12-17T14:15:09+01:00,170.29139761474,74.881526448386,10
450,Dale Mcgee,1-586-420-5664,elit@anteblandit.edu,1948-10-15T12:39:50+01:00,164.62550648829,67.428628454362,2
451,Steel Contreras,1-682-657-4633,scelerisque@utpharetra.edu,1939-09-09T20:46:02+01:00,159.9871305553,68.735377922744,34
452,Ross Trevino,1-344-966-7982,neque.tellus@seddolorFusce.org,1981-01-10T01:31:14+01:00,167.15919925226,62.893210482671,37
453,Richard Hutchinson,1-659-563-9678,lacus@etcommodoat.net,1962-08-27T16:12:31+01:00,166.03197809249,75.748856084415,19
454,Joel Rivas,224-7730,sapien@pedeultrices.net,1973-10-31T14:32:23+01:00,166.30365812503,61.645886527479,62
455,Richard Shaffer,1-164-707-5784,Aliquam@pharetra.com,1967-04-18T18:23:10+01:00,163.07850565693,67.581112591249,25
456,Noble Franklin,910-6824,auctor.odio.a@pedenonummyut.edu,1965-01-28T23:29:29+01:00,170.11268589873,73.762235912103,44
457,Lars Henderson,363-7002,iaculis.lacus@tellus.com,1936-03-20T20:57:33+00:00,166.38468865959,69.131812795651,1
458,Ira Vaughn,1-696-393-6181,semper.cursus.Integer@arcuVivamus.ca,1958-10-28T18:20:53+01:00,162.44617914263,76.242080765056,10
459,William Washington,1-686-466-2390,Nulla@risus.ca,1966-07-22T09:58:32+01:00,161.08754735493,66.592994684101,92
460,Calvin Mcpherson,1-730-348-3884,sit@Cumsociis.net,1947-09-17T08:00:11+01:00,172.58153512789,71.898302591755,63
461,Oliver Ramirez,238-7823,ornare.lectus.justo@Suspendisseeleifend.edu,1981-07-09T21:50:59+02:00,164.29621499088,74.796837110728,87
462,Dillon Blevins,556-9604,posuere@Donecporttitor.com,1937-07-09T11:24:18+01:00,163.99114175931,70.764507391637,82
463,Yoshio Rosales,1-915-407-2008,justo.Praesent.luctus@vel.ca,1951-06-13T05:01:21+01:00,164.15429467746,71.036389761645,32
464,Amal Reynolds,1-355-149-6209,Donec.tempus@necanteblandit.net,1952-11-18T10:06:18+01:00,168.84611639395,65.111296269376,14
465,Nigel Zimmerman,1-240-280-4567,Aliquam@milaciniamattis.org,1974-01-14T23:17:09+01:00,161.5044909753,77.632510742985,44
466,Jin Mullins,279-3768,massa.Mauris@lobortis.ca,1972-06-19T08:30:38+01:00,164.38762316738,67.438686974261,35
467,Murphy James,1-552-272-2349,ut@famesac.com,1947-10-02T22:57:10+01:00,163.97491780041,67.410294167505,38
468,Bruno Short,1-396-552-3443,imperdiet.dictum@vehiculaPellentesque.ca,1942-11-02T00:50:18+02:00,168.26556918805,74.990437435432,22
469,Nolan Gregory,351-8457,dictum@massanon.edu,1959-10-16T05:22:37+01:00,164.72822918421,70.649885256641,83
470,Tad Watson,532-6146,Donec.nibh@afeugiat.ca,1988-09-23T03:32:09+02:00,169.52190634194,71.231465420907,77
471,Lucas Campos,1-313-526-6609,Integer.urna.Vivamus@id.net,1990-06-13T15:04:03+02:00,161.26592481227,71.145110581035,15
472,Dolan Fox,1-350-569-3664,dolor.nonummy@euismodmauris.net,1973-07-10T14:02:29+01:00,168.44454892456,80.850160908737,45
473,Chaney Carney,1-349-464-9564,adipiscing.fringilla.porttitor@ut.org,1941-08-23T16:52:18+02:00,162.743260082,74.109597230674,32
474,Drake Mays,1-838-680-5253,mi.pede.nonummy@euismodmauris.co.uk,1940-08-17T19:38:05+02:00,165.35817715408,75.222685535424,38
475,Caldwell Keller,900-7479,magna@nullaDonec.net,1959-11-21T21:45:25+01:00,165.31630893619,63.55010623545,10
476,Nash Stanley,648-3556,urna.Ut.tincidunt@eusem.ca,1959-07-14T08:50:13+01:00,162.3502203817,70.39559468622,90
477,Damian Herman,912-2898,posuere.enim@ipsumprimis.co.uk,1941-11-25T20:11:38+02:00,165.25156777433,78.166731932957,92
478,Melvin Hardin,540-2980,elit.pede.malesuada@orciUtsagittis.ca,1942-05-14T00:58:50+02:00,162.45059621439,70.099125237117,73
479,Castor Chaney,986-3454,faucibus.Morbi@quispedeSuspendisse.co.uk,1948-08-15T08:26:30+01:00,163.73928092332,69.326917491488,99
480,Jonas Petersen,1-537-820-6400,egestas@lobortisnisinibh.edu,1979-07-21T07:04:19+02:00,169.77810642645,72.186869777991,52
481,Hilel Schmidt,440-5974,nunc@Donecfeugiat.ca,1967-07-23T06:47:32+01:00,160.57391490473,71.170438595741,36
482,Nash Mcfadden,771-3414,Nunc.laoreet@purusMaecenaslibero.edu,1981-01-27T16:08:52+01:00,163.34834166736,72.811056975137,76
483,Lars Frye,928-7985,in.faucibus@lacus.org,1995-10-07T02:01:38+01:00,158.52365787401,64.528006535502,37
484,Merrill Becker,1-915-239-4539,Proin.non.massa@enim.ca,1994-07-20T06:53:53+02:00,158.78545729869,70.16219314145,95
485,Richard Lee,1-884-485-8036,gravida.sagittis.Duis@vehiculaPellentesquetincidunt.ca,1949-03-14T10:45:42+01:00,159.58699707052,68.465598267489,11
486,Jermaine Padilla,744-0928,Vivamus.sit.amet@nec.co.uk,1985-08-09T11:56:47+02:00,164.01358707524,67.106713604984,32
487,Calvin Velazquez,680-9338,Lorem@mienim.org,1984-09-28T23:37:15+02:00,166.79918602097,71.793202790031,81
488,Dillon Branch,143-7457,commodo.ipsum.Suspendisse@vel.net,1978-09-23T09:20:00+02:00,164.41543623898,74.951862015907,48
489,Simon Tate,1-105-420-5115,urna.Ut.tincidunt@commodo.com,1936-06-14T22:55:27+01:00,167.144931982,68.343283042696,28
490,Aladdin Stafford,1-125-948-0145,vitae.nibh.Donec@egestashendrerit.ca,1952-12-24T13:04:46+01:00,173.10254184892,73.026011340157,62
491,Coby Cote,796-4143,ac.turpis.egestas@primisinfaucibus.edu,1985-09-15T23:47:17+02:00,164.02986563698,65.028644469376,69
492,Emmanuel Boyle,1-592-866-6906,eget.ipsum.Donec@variusNam.org,1937-09-22T17:16:51+01:00,166.15605706617,71.795266047481,15
493,Julian Bennett,285-1097,mauris.blandit.mattis@semperauctor.net,1995-10-16T11:18:31+01:00,168.00393049349,71.138443973217,74
494,Wang Sherman,1-964-661-3056,magna.Phasellus@Praesentinterdumligula.com,1983-05-27T18:41:03+02:00,162.31477438815,64.016689294171,48
495,Justin Tanner,1-418-202-9547,velit.in.aliquet@dictumauguemalesuada.co.uk,1936-04-09T18:01:14+00:00,167.52823200492,64.742165339117,7
496,Tyrone Henson,1-730-959-4445,ut.nulla@mattissemperdui.com,1981-11-20T11:15:17+01:00,165.81750129994,70.954108692564,31
497,Rogan Bell,252-6790,ac.metus.vitae@ullamcorper.com,1996-04-19T13:44:18+02:00,162.92645089632,72.750074770481,82
498,Brock Mendez,498-7032,mus.Proin.vel@liberoInteger.co.uk,1979-08-08T10:06:47+02:00,170.25657522033,68.587905962667,98
499,Grady Jenkins,634-7938,consequat@velfaucibus.edu,1956-01-18T04:31:41+01:00,167.58058797911,68.864966431779,93
500,Finn Kemp,444-0744,auctor.non@utmiDuis.edu,1977-02-07T04:35:56+01:00,164.17319334816,78.085943407779,84