PersonId,Name,Phone,Email,Birthdate,Height,Weight,Company
1,Jin Lott,374-5365,nonummy@nonsollicitudina.net,1990-10-23T09:39:36+01:00,166.5896185248,72.5230640122,4
2,Ulric Obrien,1-772-516-9633,non.arcu@velit.co.uk,1961-11-18T02:18:23+01:00,164.3843894746,68.9074705441,9
3,Travis Wilkerson,240-1629,felis@Duisac.co.uk,1956-03-05T15:57:29+01:00,163.4743409748,64.2178400021,89
4,Emerson Bass,1-782-875-0201,aliquet.metus@hymenaeosMauris.edu,1996-06-23T01:02:19+02:00,164.2987925754,71.9742973065,16
5,Nathaniel Mendoza,849-7651,turpis.nec@Praesentluctus.co.uk,1939-02-08T18:30:06+00:00,169.4279014076,68.7428039753,2
6,Gil Chang,628-2603,sit.amet.orci@justo.co.uk,1974-01-07T04:34:44+01:00,165.2511513179,66.2922342027,12
7,Gregory Pearson,504-1301,convallis.convallis@penatibusetmagnis.com,1969-08-08T13:59:17+01:00,169.2332771239,69.2182019757,93
8,Slade Davis,769-6793,ultrices.Duis@nuncest.edu,1996-02-02T01:42:38+01:00,167.6070585433,67.4482951114,76
9,Hunter Howell,237-7855,augue.id.ante@tinciduntnequevitae.edu,1965-04-29T19:15:38+01:00,163.2771959146,69.7441935018,99
10,Lionel Melendez,292-7586,posuere.cubilia.Curae@augue.edu,1938-06-18T17:19:01+01:00,170.2959556072,67.1338946578,76
11,Allistair Barker,620-2228,ut.quam@aliquam.org,1996-11-27T00:46:05+01:00,158.8290575179,72.1985529678,55
12,Tanner Strong,1-104-421-7240,varius.Nam@eratvolutpatNulla.co.uk,1977-07-13T12:50:55+02:00,167.9345785264,65.6550991658,44
13,Jared Boone,1-902-948-6135,Vivamus.nibh@tellusSuspendisse.org,1957-07-12T12:45:49+01:00,167.6447719622,68.5084485424,77
14,Steel Austin,599-5623,a.tortor.Nunc@vehiculaetrutrum.org,1939-01-12T21:44:01+00:00,166.6855500307,64.4857389524,45
15,Burke Moody,1-151-944-3373,In.at.pede@nibhsit.com,1958-06-02T01:30:32+01:00,166.0917598319,56.8443465204,46
16,Eagan Malone,521-4608,nec@senectuset.net,1977-01-31T13:09:15+01:00,166.6800244734,68.4313961698,14
17,Ian Dale,1-856-716-0081,ac.arcu@Incondimentum.co.uk,1939-05-18T19:55:03+01:00,166.3774685968,74.655132998,68
18,Giacomo Townsend,1-702-391-4601,tortor.nibh.sit@incursuset.com,1970-07-26T18:27:17+01:00,165.5513970026,71.9488382292,87
19,Nissim Pickett,316-8991,tristique.pharetra.Quisque@pedeac.edu,1947-04-14T05:34:21+01:00,159.1080035675,62.0412050769,45
20,Daquan Patton,1-600-255-4880,dui@eratvel.org,1957-08-17T03:00:26+01:00,165.526164828,68.819259951,37
21,Abdul Kim,1-680-649-5175,enim.Sed@erat.edu,1952-12-21T20:35:45+01:00,162.0175490573,66.7939279367,31
22,Brandon Lowery,1-518-171-5485,egestas@non.net,1993-04-30T00:11:57+02:00,162.1402404889,69.4631196836,96
23,Ethan Hill,794-0027,Curabitur@Integer.org,1988-06-04T15:23:00+02:00,162.5719527317,78.1991851322,16
24,Jakeem Hansen,231-3031,ut.mi.Duis@mi.org,1978-10-21T23:30:37+01:00,164.1882991574,72.395964466,74
25,Kieran Drake,1-776-153-3669,tortor.nibh@nequevenenatis.edu,1939-12-02T17:25:20+00:00,162.1430432603,68.4846844052,74
26,Keane Wiley,227-5214,nunc@scelerisquesed.co.uk,1980-10-10T07:46:41+01:00,161.4239114418,66.8085544253,12
27,Oleg Wise,1-958-601-7304,placerat.eget@anteiaculis.ca,1969-03-30T03:51:04+01:00,166.1686903093,68.8269211368,30
28,Chandler Rowe,461-3882,vitae@laoreetlibero.edu,1987-07-06T23:43:48+02:00,165.7243087516,63.5713083341,13
29,Barclay Huffman,1-685-945-6605,cursus.diam@faucibusorciluctus.ca,1990-06-21T20:35:57+02:00,158.0877710638,74.767203558,20
30,Merritt Oneil,1-696-325-6691,lacus.pede.sagittis@Sedeueros.org,1947-04-02T09:41:38+01:00,164.183718238,67.1758471869,52
31,Neil Langley,1-919-130-2264,leo@litora.net,1967-02-03T22:51:55+01:00,161.6596723279,69.5319381471,65
32,Chancellor Cortez,1-964-109-4442,Vivamus@acfacilisisfacilisis.ca,1937-01-12T18:40:10+00:00,166.5018868904,75.822223335,87
33,Xenos Kidd,284-6251,orci.Ut.sagittis@magnis.edu,1942-10-24T12:06:39+02:00,167.032399966,61.8843550504,100
34,Ira Perkins,733-2053,auctor.velit@molestieorci.org,1973-09-19T20:08:04+01:00,158.6889193999,81.1563587347,37
35,Kieran Harris,1-496-373-5363,purus@congueIn.co.uk,1995-08-17T13:58:32+02:00,161.5447664857,65.9511948841,75
36,Judah Bowman,1-965-755-9885,diam.at.pretium@adipiscingelitCurabitur.org,1991-01-14T18:33:52+01:00,168.8066591299,71.3644422577,4
37,Calvin Mack,1-693-299-1979,dui.in.sodales@natoquepenatibus.net,1988-08-15T06:32:20+02:00,165.1059749857,68.5892342882,18
38,Nathan Bond,1-226-132-6307,eu@Aliquamultrices.edu,1940-04-18T03:18:52+01:00,158.0040657529,67.1565890241,85
39,Timon Hale,520-3663,malesuada@musAenean.edu,1959-10-09T13:49:54+01:00,156.385597923,64.6186191796,99
40,Tate Snyder,1-923-875-4466,Suspendisse.aliquet.sem@ornareplaceratorci.ca,1984-01-10T23:24:55+01:00,165.2924489733,75.306079207,60
41,Austin Burns,1-160-909-4617,augue.ac.ipsum@tempus.com,1962-10-13T01:57:16+01:00,165.172331225,73.7358370278,86
42,Amery Rowland,1-445-116-8049,elit@mollislectuspede.net,1974-05-12T08:13:07+01:00,165.7878988884,75.2053928624,45
43,Melvin Guy,1-681-925-3827,massa.rutrum@amifringilla.ca,1958-11-23T13:39:43+01:00,159.6988934623,75.2164508541,52
44,Garrett Keith,782-1643,non.dapibus.rutrum@quisurna.com,1975-08-17T18:27:07+01:00,164.5181277326,63.6602709294,65
45,Walter Gross,158-9754,egestas.blandit@ultricesposuerecubilia.org,1992-04-16T19:50:42+02:00,153.5419754565,66.1018192609,64
46,Aidan Ayala,891-3632,massa@atauctorullamcorper.co.uk,1944-11-23T11:32:08+01:00,166.5666385761,66.6991722998,96
47,Cain Holman,606-0929,mauris.id@Donecluctusaliquet.co.uk,1974-03-20T16:36:20+01:00,161.4621558025,68.9368470042,87
48,Wallace Sargent,270-4951,eu@pharetraQuisque.net,1949-04-17T19:26:00+01:00,160.8202360272,68.8136806677,62
49,Seth Norman,188-4005,vehicula.aliquet.libero@sagittislobortismauris.com,1946-05-20T15:08:31+01:00,162.9355802469,68.6589710823,98
50,Herman Chaney,1-697-251-2752,Nunc.lectus@Aenean.ca,1995-07-13T00:15:12+02:00,152.8956095174,74.9821447046,14
51,Rigel Hernandez,1-288-408-1217,ornare@infaucibus.com,1964-06-20T08:17:44+01:00,160.4038206,67.8471741667,71
52,Duncan Blanchard,581-0581,Vivamus.rhoncus.Donec@facilisislorem.edu,1936-12-07T01:14:04+00:00,166.1526417312,70.8456394463,42
53,Zachary Coleman,1-798-875-2246,Nunc.quis@netuset.net,1992-12-30T08:26:21+01:00,165.7025642596,73.0383372311,63
54,Stewart Mcgowan,1-391-992-9156,Sed.nulla@quamafelis.ca,1988-05-11T09:20:33+02:00,160.9351609901,63.6934049276,19
55,Graham Macdonald,1-955-101-1448,sed.orci.lobortis@Nuncmauriselit.net,1983-03-28T09:56:17+02:00,168.3652074181,74.7031755912,59
56,Nissim Davenport,1-825-162-3892,sodales.purus@Etiamligula.net,1988-07-01T04:24:08+02:00,162.847111812,71.9453148478,52
57,Eagan Hewitt,1-275-564-6378,non.leo.Vivamus@eudoloregestas.net,1947-04-14T03:41:52+01:00,169.3268332508,62.8615894086,96
58,Dylan Whitehead,241-2176,consectetuer.mauris.id@Fusce.com,1955-04-15T15:24:22+01:00,162.5935433285,70.2020245881,51
59,Curran Mcleod,1-999-670-0198,arcu.Vestibulum@et.org,1944-06-01T15:57:52+02:00,167.1878568805,70.3577953909,15
60,Hammett Wood,1-112-700-5723,sagittis.Nullam@ettristiquepellentesque.edu,1965-05-02T16:26:04+01:00,162.069362051,67.0079735717,22
61,Garth Farrell,1-874-889-9228,Integer@Craslorem.org,1947-07-23T21:56:31+01:00,169.605901272,66.7104000652,81
62,Kasimir Short,204-6173,elit@tempusscelerisque.com,1974-01-30T01:40:35+01:00,164.0611476499,69.6529400796,50
63,Ivan Rosales,207-6580,Mauris.vel@Donecfeugiatmetus.org,1953-04-21T22:43:32+01:00,162.0716742382,70.1490770229,8
64,Stewart Cline,319-7301,imperdiet@erat.ca,1982-10-05T00:26:28+01:00,167.3460898304,79.5427101893,33
65,Sean Martin,594-4491,tincidunt@lacusNulla.co.uk,1945-05-15T05:23:11+02:00,165.4100889943,81.3356825524,38
66,Brock Hart,1-219-527-1498,at.auctor.ullamcorper@turpis.co.uk,1975-04-11T09:33:13+01:00,165.000163005,74.2834405696,69
67,John Greene,425-7854,laoreet.ipsum@Aenean.org,1960-02-05T14:50:34+01:00,165.3458974941,67.267198626,32
68,Geoffrey Henry,933-5327,condimentum.eget@ametmassaQuisque.com,1956-08-08T20:33:14+01:00,165.0975703585,73.2979523249,36
69,Brock Glass,533-4398,pede.Suspendisse@ultriciesligulaNullam.com,1968-07-10T14:59:52+01:00,167.5586441222,66.0336619848,7
70,Herman Hood,1-683-722-0818,lectus@commodoat.edu,1939-02-26T12:54:37+00:00,166.2098743158,78.3708123359,15
71,Acton Stafford,1-501-943-0456,lectus.Nullam.suscipit@uterat.co.uk,1956-09-09T07:57:00+01:00,161.3338992074,65.7134144055,41
72,Noble Hamilton,689-9873,ipsum.ac.mi@congue.edu,1936-06-08T12:05:20+01:00,171.5950671332,62.9375789589,28
73,Burke Kidd,682-1008,ac.mattis@consectetuer.edu,1955-07-15T21:29:50+01:00,167.6998957687,71.4203422046,15
74,Wang French,253-1406,a@egetmagna.net,1958-01-24T17:36:57+01:00,155.8425113621,72.037516741,71
75,Elvis Armstrong,696-0824,facilisis@Duisdignissimtempor.org,1991-02-04T01:00:22+01:00,162.9045636083,67.5996829208,39
76,Kadeem Perez,1-272-353-4779,malesuada.malesuada@sed.ca,1966-01-21T18:14:32+01:00,172.5061944313,63.6390041576,19
77,Orson Osborne,1-970-113-4419,Cum.sociis@lacusEtiambibendum.com,1952-06-09T09:20:14+01:00,164.4248535099,69.2220002119,40
78,Christopher Mayer,595-0423,lectus.pede@Maecenas.ca,1955-01-22T13:11:20+01:00,167.0174058988,63.5183971125,2
79,Wesley Lowery,843-6576,Duis.mi@feugiat.ca,1973-08-09T14:35:01+01:00,165.7858166789,69.7095924901,65
80,Axel Rose,477-5322,montes.nascetur@dis.edu,1982-09-15T17:26:23+02:00,164.7673793619,73.2515645695,51
81,Abdul Richardson,680-6617,Sed@leoMorbi.edu,1967-11-14T12:47:10+01:00,168.7386031727,84.5655355298,63
82,Hasad Sweeney,604-3331,sociosqu@dolorvitaedolor.edu,1975-08-07T08:02:49+01:00,166.3042939616,67.3310523496,61
83,Bruce Kemp,714-3781,in@dis.org,1992-08-09T14:18:36+02:00,166.025729066,73.9655820111,82
84,Kennan Alvarez,1-291-409-5241,In.ornare@at.co.uk,1968-01-23T02:33:05+01:00,167.2954251373,74.9784575756,93
85,Russell Chen,988-9582,ante.dictum.cursus@adipiscingfringilla.co.uk,1943-07-18T07:13:27+02:00,166.8897840002,66.1625835319,59
86,Bruno Fitzpatrick,1-220-630-6240,aliquet.sem@utnisia.com,1972-12-13T15:09:21+01:00,158.8756680015,77.3968713205,32
87,Vladimir Gillespie,196-3819,pharetra.ut.pharetra@Proinnisl.edu,1950-06-01T07:41:59+01:00,168.0706919717,72.127877409,42
88,Garrison Neal,1-157-945-8392,sem.ut.dolor@ametorciUt.co.uk,1975-07-08T00:34:17+01:00,165.8669477528,69.0504847159,1
89,Zahir Jimenez,1-991-943-4137,eu.arcu@Crasdictumultricies.edu,1967-03-11T04:32:26+01:00,164.9850436959,69.1610569537,9
90,Oleg Hale,1-999-100-2751,cursus@vitaeorci.org,1942-10-30T15:28:01+02:00,167.7892411842,74.5988580289,62
91,Brett Horn,859-8365,odio@veliteget.org,1940-11-24T16:39:53+02:00,166.5959604361,71.9441899962,45
92,Darius Poole,1-610-343-2784,aliquam.eros.turpis@Proin.org,1953-05-15T22:06:47+01:00,160.4442214841,72.1518404429,32
93,Ishmael Giles,1-563-866-7061,auctor.nunc@molestie.co.uk,1952-06-13T00:05:08+01:00,167.5195260007,61.8467479819,84
94,Stephen Abbott,1-902-493-3943,nisi@vel.ca,1977-12-19T16:13:11+01:00,168.3803484531,72.7700021012,40
95,Ryan Blair,1-317-586-2922,Aliquam.ornare@natoquepenatibus.co.uk,1948-02-20T15:54:32+01:00,165.0744345534,65.5892142196,79
96,Neville Whitfield,941-7404,nibh.sit@vulputate.org,1954-01-09T04:28:25+01:00,161.1847518018,77.781209674,35
97,Wayne Cooke,478-8319,vel.venenatis@Vestibulumaccumsan.edu,1956-03-23T23:05:43+01:00,164.4680511255,74.8260206154,68
98,Austin Navarro,1-132-955-7856,libero.mauris@ornareFuscemollis.net,1964-12-07T07:34:08+01:00,165.538285635,69.7561902439,86
99,Alvin Winters,1-999-541-4912,Sed.pharetra.felis@magnisdisparturient.edu,1943-12-29T14:59:48+01:00,163.7119207454,68.0362862864,78
100,Dylan Johnson,534-9030,sagittis.Duis.gravida@arcuvel.ca,1978-09-18T00:37:04+02:00,166.38729242,70.9249855443,13
101,Jin Lott,374-5365,nonummy@nonsollicitudina.net,1990-10-23T09:39:36+01:00,166.5896185248,72.5230640122,4
102,Ulric Obrien,1-772-516-9633,non.arcu@velit.co.uk,1961-11-18T02:18:23+01:00,164.3843894746,68.9074705441,9
103,Travis Wilkerson,240-1629,felis@Duisac.co.uk,1956-03-05T15:57:29+01:00,163.4743409748,64.2178400021,89
104,Emerson Bass,1-782-875-0201,aliquet.metus@hymenaeosMauris.edu,1996-06-23T01:02:19+02:00,164.2987925754,71.9742973065,16
105,Nathaniel Mendoza,849-7651,turpis.nec@Praesentluctus.co.uk,1939-02-08T18:30:06+00:00,169.4279014076,68.7428039753,2
106,Gil Chang,628-2603,sit.amet.orci@justo.co.uk,1974-01-07T04:34:44+01:00,165.2511513179,66.2922342027,12
107,Gregory Pearson,504-1301,convallis.convallis@penatibusetmagnis.com,1969-08-08T13:59:17+01:00,169.2332771239,69.2182019757,93
108,Slade Davis,769-6793,ultrices.Duis@nuncest.edu,1996-02-02T01:42:38+01:00,167.6070585433,67.4482951114,76
109,Hunter Howell,237-7855,augue.id.ante@tinciduntnequevitae.edu,1965-04-29T19:15:38+01:00,163.2771959146,69.7441935018,99
110,Lionel Melendez,292-7586,posuere.cubilia.Curae@augue.edu,1938-06-18T17:19:01+01:00,170.2959556072,67.1338946578,76
111,Allistair Barker,620-2228,ut.quam@aliquam.org,1996-11-27T00:46:05+01:00,158.8290575179,72.1985529678,55
112,Tanner Strong,1-104-421-7240,varius.Nam@eratvolutpatNulla.co.uk,1977-07-13T12:50:55+02:00,167.9345785264,65.6550991658,44
113,Jared Boone,1-902-948-6135,Vivamus.nibh@tellusSuspendisse.org,1957-07-12T12:45:49+01:00,167.6447719622,68.5084485424,77
114,Steel Austin,599-5623,a.tortor.Nunc@vehiculaetrutrum.org,1939-01-12T21:44:01+00:00,166.6855500307,64.4857389524,45
115,Burke Moody,1-151-944-3373,In.at.pede@nibhsit.com,1958-06-02T01:30:32+01:00,166.0917598319,56.8443465204,46
116,Eagan Malone,521-4608,nec@senectuset.net,1977-01-31T13:09:15+01:00,166.6800244734,68.4313961698,14
117,Ian Dale,1-856-716-0081,ac.arcu@Incondimentum.co.uk,1939-05-18T19:55:03+01:00,166.3774685968,74.655132998,68
118,Giacomo Townsend,1-702-391-4601,tortor.nibh.sit@incursuset.com,1970-07-26T18:27:17+01:00,165.5513970026,71.9488382292,87
119,Nissim Pickett,316-8991,tristique.pharetra.Quisque@pedeac.edu,1947-04-14T05:34:21+01:00,159.1080035675,62.0412050769,45
120,Daquan Patton,1-600-255-4880,dui@eratvel.org,1957-08-17T03:00:26+01:00,165.526164828,68.819259951,37
121,Abdul Kim,1-680-649-5175,enim.Sed@erat.edu,1952-12-21T20:35:45+01:00,162.0175490573,66.7939279367,31
122,Brandon Lowery,1-518-171-5485,egestas@non.net,1993-04-30T00:11:57+02:00,162.1402404889,69.4631196836,96
123,Ethan Hill,794-0027,Curabitur@Integer.org,1988-06-04T15:23:00+02:00,162.5719527317,78.1991851322,16
124,Jakeem Hansen,231-3031,ut.mi.Duis@mi.org,1978-10-21T23:30:37+01:00,164.1882991574,72.395964466,74
125,Kieran Drake,1-776-153-3669,tortor.nibh@nequevenenatis.edu,1939-12-02T17:25:20+00:00,162.1430432603,68.4846844052,74
126,Keane Wiley,227-5214,nunc@scelerisquesed.co.uk,1980-10-10T07:46:41+01:00,161.4239114418,66.8085544253,12
127,Oleg Wise,1-958-601-7304,placerat.eget@anteiaculis.ca,1969-03-30T03:51:04+01:00,166.1686903093,68.8269211368,30
128,Chandler Rowe,461-3882,vitae@laoreetlibero.edu,1987-07-06T23:43:48+02:00,165.7243087516,63.5713083341,13
129,Barclay Huffman,1-685-945-6605,cursus.diam@faucibusorciluctus.ca,1990-06-21T20:35:57+02:00,158.0877710638,74.767203558,20
130,Merritt Oneil,1-696-325-6691,lacus.pede.sagittis@Sedeueros.org,1947-04-02T09:41:38+01:00,164.183718238,67.1758471869,52
131,Neil Langley,1-919-130-2264,leo@litora.net,1967-02-03T22:51:55+01:00,161.6596723279,69.5319381471,65
132,Chancellor Cortez,1-964-109-4442,Vivamus@acfacilisisfacilisis.ca,1937-01-12T18:40:10+00:00,166.5018868904,75.822223335,87
133,Xenos Kidd,284-6251,orci.Ut.sagittis@magnis.edu,1942-10-24T12:06:39+02:00,167.032399966,61.8843550504,100
134,Ira Perkins,733-2053,auctor.velit@molestieorci.org,1973-09-19T20:08:04+01:00,158.6889193999,81.1563587347,37
135,Kieran Harris,1-496-373-5363,purus@congueIn.co.uk,1995-08-17T13:58:32+02:00,161.5447664857,65.9511948841,75
136,Judah Bowman,1-965-755-9885,diam.at.pretium@adipiscingelitCurabitur.org,1991-01-14T18:33:52+01:00,168.8066591299,71.3644422577,4
137,Calvin Mack,1-693-299-1979,dui.in.sodales@natoquepenatibus.net,1988-08-15T06:32:20+02:00,165.1059749857,68.5892342882,18
138,Nathan Bond,1-226-132-6307,eu@Aliquamultrices.edu,1940-04-18T03:18:52+01:00,158.0040657529,67.1565890241,85
139,Timon Hale,520-3663,malesuada@musAenean.edu,1959-10-09T13:49:54+01:00,156.385597923,64.6186191796,99
140,Tate Snyder,1-923-875-4466,Suspendisse.aliquet.sem@ornareplaceratorci.ca,1984-01-10T23:24:55+01:00,165.2924489733,75.306079207,60
141,Austin Burns,1-160-909-4617,augue.ac.ipsum@tempus.com,1962-10-13T01:57:16+01:00,165.172331225,73.7358370278,86
142,Amery Rowland,1-445-116-8049,elit@mollislectuspede.net,1974-05-12T08:13:07+01:00,165.7878988884,75.2053928624,45
143,Melvin Guy,1-681-925-3827,massa.rutrum@amifringilla.ca,1958-11-23T13:39:43+01:00,159.6988934623,75.2164508541,52
144,Garrett Keith,782-1643,non.dapibus.rutrum@quisurna.com,1975-08-17T18:27:07+01:00,164.5181277326,63.6602709294,65
145,Walter Gross,158-9754,egestas.blandit@ultricesposuerecubilia.org,1992-04-16T19:50:42+02:00,153.5419754565,66.1018192609,64
146,Aidan Ayala,891-3632,massa@atauctorullamcorper.co.uk,1944-11-23T11:32:08+01:00,166.5666385761,66.6991722998,96
147,Cain Holman,606-0929,mauris.id@Donecluctusaliquet.co.uk,1974-03-20T16:36:20+01:00,161.4621558025,68.9368470042,87
148,Wallace Sargent,270-4951,eu@pharetraQuisque.net,1949-04-17T19:26:00+01:00,160.8202360272,68.8136806677,62
149,Seth Norman,188-4005,vehicula.aliquet.libero@sagittislobortismauris.com,1946-05-20T15:08:31+01:00,162.9355802469,68.6589710823,98
150,Herman Chaney,1-697-251-2752,Nunc.lectus@Aenean.ca,1995-07-13T00:15:12+02:00,152.8956095174,74.9821447046,14
151,Rigel Hernandez,1-288-408-1217,ornare@infaucibus.com,1964-06-20T08:17:44+01:00,160.4038206,67.8471741667,71
152,Duncan Blanchard,581-0581,Vivamus.rhoncus.Donec@facilisislorem.edu,1936-12-07T01:14:04+00:00,166.1526417312,70.8456394463,42
153,Zachary Coleman,1-798-875-2246,Nunc.quis@netuset.net,1992-12-30T08:26:21+01:00,165.7025642596,73.0383372311,63
154,Stewart Mcgowan,1-391-992-9156,Sed.nulla@quamafelis.ca,1988-05-11T09:20:33+02:00,160.9351609901,63.6934049276,19
155,Graham Macdonald,1-955-101-1448,sed.orci.lobortis@Nuncmauriselit.net,1983-03-28T09:56:17+02:00,168.3652074181,74.7031755912,59
156,Nissim Davenport,1-825-162-3892,sodales.purus@Etiamligula.net,1988-07-01T04:24:08+02:00,162.847111812,71.9453148478,52
157,Eagan Hewitt,1-275-564-6378,non.leo.Vivamus@eudoloregestas.net,1947-04-14T03:41:52+01:00,169.3268332508,62.8615894086,96
158,Dylan Whitehead,241-2176,consectetuer.mauris.id@Fusce.com,1955-04-15T15:24:22+01:00,162.5935433285,70.2020245881,51
159,Curran Mcleod,1-999-670-0198,arcu.Vestibulum@et.org,1944-06-01T15:57:52+02:00,167.1878568805,70.3577953909,15
160,Hammett Wood,1-112-700-5723,sagittis.Nullam@ettristiquepellentesque.edu,1965-05-02T16:26:04+01:00,162.069362051,67.0079735717,22
161,Garth Farrell,1-874-889-9228,Integer@Craslorem.org,1947-07-23T21:56:31+01:00,169.605901272,66.7104000652,81
162,Kasimir Short,204-6173,elit@tempusscelerisque.com,1974-01-30T01:40:35+01:00,164.0611476499,69.6529400796,50
163,Ivan Rosales,207-6580,Mauris.vel@Donecfeugiatmetus.org,1953-04-21T22:43:32+01:00,162.0716742382,70.1490770229,8
164,Stewart Cline,319-7301,imperdiet@erat.ca,1982-10-05T00:26:28+01:00,167.3460898304,79.5427101893,33
165,Sean Martin,594-4491,tincidunt@lacusNulla.co.uk,1945-05-15T05:23:11+02:00,165.4100889943,81.3356825524,38
166,Brock Hart,1-219-527-1498,at.auctor.ullamcorper@turpis.co.uk,1975-04-11T09:33:13+01:00,165.000163005,74.2834405696,69
167,John Greene,425-7854,laoreet.ipsum@Aenean.org,1960-02-05T14:50:34+01:00,165.3458974941,67.267198626,32
168,Geoffrey Henry,933-5327,condimentum.eget@ametmassaQuisque.com,1956-08-08T20:33:14+01:00,165.0975703585,73.2979523249,36
169,Brock Glass,533-4398,pede.Suspendisse@ultriciesligulaNullam.com,1968-07-10T14:59:52+01:00,167.5586441222,66.0336619848,7
170,Herman Hood,1-683-722-0818,lectus@commodoat.edu,1939-02-26T12:54:37+00:00,166.2098743158,78.3708123359,15
171,Acton Stafford,1-501-943-0456,lectus.Nullam.suscipit@uterat.co.uk,1956-09-09T07:57:00+01:00,161.3338992074,65.7134144055,41
172,Noble Hamilton,689-9873,ipsum.ac.mi@congue.edu,1936-06-08T12:05:20+01:00,171.5950671332,62.9375789589,28
173,Burke Kidd,682-1008,ac.mattis@consectetuer.edu,1955-07-15T21:29:50+01:00,167.6998957687,71.4203422046,15
174,Wang French,253-1406,a@egetmagna.net,1958-01-24T17:36:57+01:00,155.8425113621,72.037516741,71
175,Elvis Armstrong,696-0824,facilisis@Duisdignissimtempor.org,1991-02-04T01:00:22+01:00,162.9045636083,67.5996829208,39
176,Kadeem Perez,1-272-353-4779,malesuada.malesuada@sed.ca,1966-01-21T18:14:32+01:00,172.5061944313,63.6390041576,19
177,Orson Osborne,1-970-113-4419,Cum.sociis@lacusEtiambibendum.com,1952-06-09T09:20:14+01:00,164.4248535099,69.2220002119,40
178,Christopher Mayer,595-0423,lectus.pede@Maecenas.ca,1955-01-22T13:11:20+01:00,167.0174058988,63.5183971125,2
179,Wesley Lowery,843-6576,Duis.mi@feugiat.ca,1973-08-09T14:35:01+01:00,165.7858166789,69.7095924901,65
180,Axel Rose,477-5322,montes.nascetur@dis.edu,1982-09-15T17:26:23+02:00,164.7673793619,73.2515645695,51
181,Abdul Richardson,680-6617,Sed@leoMorbi.edu,1967-11-14T12:47:10+01:00,168.7386031727,84.5655355298,63
182,Hasad Sweeney,604-3331,sociosqu@dolorvitaedolor.edu,1975-08-07T08:02:49+01:00,166.3042939616,67.3310523496,61
183,Bruce Kemp,714-3781,in@dis.org,1992-08-09T14:18:36+02:00,166.025729066,73.9655820111,82
184,Kennan Alvarez,1-291-409-5241,In.ornare@at.co.uk,1968-01-23T02:33:05+01:00,167.2954251373,74.9784575756,93
185,Russell Chen,988-9582,ante.dictum.cursus@adipiscingfringilla.co.uk,1943-07-18T07:13:27+02:00,166.8897840002,66.1625835319,59
186,Bruno Fitzpatrick,1-220-630-6240,aliquet.sem@utnisia.com,1972-12-13T15:09:21+01:00,158.8756680015,77.3968713205,32
187,Vladimir Gillespie,196-3819,pharetra.ut.pharetra@Proinnisl.edu,1950-06-01T07:41:59+01:00,168.0706919717,72.127877409,42
188,Garrison Neal,1-157-945-8392,sem.ut.dolor@ametorciUt.co.uk,1975-07-08T00:34:17+01:00,165.8669477528,69.0504847159,1
189,Zahir Jimenez,1-991-943-4137,eu.arcu@Crasdictumultricies.edu,1967-03-11T04:32:26+01:00,164.9850436959,69.1610569537,9
190,Oleg Hale,1-999-100-2751,cursus@vitaeorci.org,1942-10-30T15:28:01+02:00,167.7892411842,74.5988580289,62
191,Brett Horn,859-8365,odio@veliteget.org,1940-11-24T16:39:53+02:00,166.5959604361,71.9441899962,45
192,Darius Poole,1-610-343-2784,aliquam.eros.turpis@Proin.org,1953-05-15T22:06:47+01:00,160.4442214841,72.1518404429,32
193,Ishmael Giles,1-563-866-7061,auctor.nunc@molestie.co.uk,1952-06-13T00:05:08+01:00,167.5195260007,61.8467479819,84
194,Stephen Abbott,1-902-493-3943,nisi@vel.ca,1977-12-19T16:13:11+01:00,168.3803484531,72.7700021012,40
195,Ryan Blair,1-317-586-2922,Aliquam.ornare@natoquepenatibus.co.uk,1948-02-20T15:54:32+01:00,165.0744345534,65.5892142196,79
196,Neville Whitfield,941-7404,nibh.sit@vulputate.org,1954-01-09T04:28:25+01:00,161.1847518018,77.781209674,35
197,Wayne Cooke,478-8319,vel.venenatis@Vestibulumaccumsan.edu,1956-03-23T23:05:43+01:00,164.4680511255,74.8260206154,68
198,Austin Navarro,1-132-955-7856,libero.mauris@ornareFuscemollis.net,1964-12-07T07:34:08+01:00,165.538285635,69.7561902439,86
199,Alvin Winters,1-999-541-4912,Sed.pharetra.felis@magnisdisparturient.edu,1943-12-29T14:59:48+01:00,163.7119207454,68.0362862864,78
200,Dylan Johnson,534-9030,sagittis.Duis.gravida@arcuvel.ca,1978-09-18T00:37:04+02:00,166.38729242,70.9249855443,13
